	name	person	like_date
0	스시아라타	조정환 (347곳)	2020년 4월 11일
1	스시아라타	김재환 (3500곳)	2020년 3월 7일
2	스시아라타	몽돌이 (22곳)	2020년 2월 13일
3	스시아라타	고영 (11곳)	2020년 1월 27일
4	스시아라타	TiberiusChoe (215곳)	2019년 12월 1일
5	스시아라타	Hyunpyo Lee (447곳)	2019년 8월 18일
6	스시아라타	SOSOPA (8417곳)	2019년 7월 18일
7	스시아라타	헤스 (7곳)	2019년 7월 1일
8	스시아라타	서진원 (251곳)	2019년 5월 20일
9	스시아라타	박인웅 (24곳)	2019년 4월 11일
10	스시아라타	고양이똥방구 (5곳)	2019년 4월 7일
11	스시아라타	Jay Kim (278곳)	2019년 3월 29일
12	스시아라타	최황규 (589곳)	2019년 2월 20일
13	스시아라타	Eric Shin (278곳)	2019년 2월 18일
14	스시아라타	Leo Shin (621곳)	2019년 1월 12일
15	스시아라타	Woong Jeong (28곳)	2019년 1월 10일
16	스시아라타	이해성 (50곳)	2019년 1월 3일
17	스시아라타	Choi Sunhyoung (27곳)	2018년 10월 6일
18	오헨	Me (397곳)	2020년 2월 1일
19	오헨	이혜신 (2곳)	2019년 8월 11일
20	오헨	Cathy Park (160곳)	2019년 6월 4일
21	오헨	Inwoo Yeo (263곳)	2018년 9월 8일
22	오헨	송광섭 (45곳)	2018년 8월 22일
23	오헨	김태연 (16곳)	2018년 5월 3일
24	오헨	강민희 (38곳)	2018년 2월 3일
25	하쯔호	모광택 (6곳)	2020년 어제 오후 11시 35분
26	하쯔호	Bong Min Ko (110곳)	2020년 6월 29일
27	하쯔호	Jay Kim (278곳)	2019년 10월 29일
28	하쯔호	Charles (35곳)	2018년 7월 29일
29	하쯔호	Seunghee An (166곳)	2018년 6월 19일
30	하쯔호	SungHye Chin (210곳)	2017년 12월 1일
31	하쯔호	Sangyeop Kang (100곳)	2017년 6월 12일
32	하쯔호	김선우 (3곳)	2017년 5월 1일
33	하쯔호	Min Okhee (2773곳)	2017년 3월 6일
34	하쯔호	손동희 (6곳)	2017년 3월 5일
35	하쯔호	조창권 (69곳)	2017년 2월 11일
36	하쯔호	엄준호 (8곳)	2017년 1월 14일
37	하쯔호	Jaesun Lee (17곳)	2017년 1월 13일
38	하쯔호	Song Eunju (12곳)	2017년 1월 11일
39	하쯔호	Jungsun Jin (60곳)	2017년 1월 11일
40	하쯔호	김승리 (5곳)	2017년 1월 9일
41	하쯔호	찡찡 (132곳)	2017년 1월 2일
42	하쯔호	nova11 (266곳)	2016년 12월 31일
43	하쯔호	방른손 (5곳)	2016년 12월 25일
44	하쯔호	Heesun Kim (3곳)	2016년 12월 15일
45	하쯔호	신자 (67곳)	2016년 10월 18일
46	하쯔호	Hyung Seok Kim (104곳)	2016년 8월 29일
47	하쯔호	여유박 (4527곳)	2016년 8월 9일
48	하쯔호	Dale Jo (4곳)	2016년 8월 2일
49	하쯔호	mang (6곳)	2016년 7월 25일
50	하쯔호	Raymond Jaemin Sim (1곳)	2016년 7월 22일
51	하쯔호	예쁜차 (19곳)	2016년 7월 14일
52	하쯔호	일기일회 (4260곳)	2016년 7월 2일
53	하쯔호	6631 (4곳)	2016년 6월 30일
54	하쯔호	Jonghak Kim (3곳)	2016년 6월 27일
55	하쯔호	Freya Jo (30곳)	2016년 6월 26일
56	하쯔호	김다흰 (15곳)	2016년 6월 15일
57	하쯔호	노태현 (119곳)	2016년 4월 24일
58	피그인더가든	busted708 (1314곳)	2020년 5월 1일
59	피그인더가든	현종우 (48곳)	2020년 3월 28일
60	피그인더가든	정국뷘 (17곳)	2020년 3월 1일
61	피그인더가든	dhevxx (16곳)	2020년 1월 29일
62	피그인더가든	슈발츠제네거 (135곳)	2020년 1월 16일
63	피그인더가든	heejung8 (111곳)	2020년 1월 15일
64	피그인더가든	파이닝 (217곳)	2019년 11월 26일
65	피그인더가든	Jaehoon Kim (23곳)	2019년 9월 5일
66	피그인더가든	Kwan Ho Kim (388곳)	2019년 5월 7일
67	피그인더가든	심기연 (455곳)	2019년 4월 15일
68	피그인더가든	Hyun Jun Choi (29곳)	2019년 2월 8일
69	피그인더가든	다찌마와리 (116곳)	2018년 9월 4일
70	피그인더가든	gogogogo (417곳)	2018년 7월 3일
71	피그인더가든	탱뿅 (55곳)	2018년 4월 24일
72	피그인더가든	hyper_nomad (47곳)	2018년 4월 11일
73	피그인더가든	GGoM (120곳)	2018년 4월 6일
74	피그인더가든	Jaewon Ma (118곳)	2018년 2월 14일
75	피그인더가든	Hyeran Park (246곳)	2017년 12월 31일
76	피그인더가든	Young-ae Hahn (81곳)	2017년 12월 7일
77	피그인더가든	Minjeong Jeong (720곳)	2017년 10월 18일
78	피그인더가든	koi (298곳)	2017년 10월 4일
79	피그인더가든	Min (144곳)	2017년 9월 16일
80	피그인더가든	시매 (253곳)	2017년 8월 13일
81	피그인더가든	안혜민 (27곳)	2017년 8월 11일
82	피그인더가든	Chiwu Park (63곳)	2017년 6월 21일
83	피그인더가든	Do Rami (44곳)	2017년 5월 24일
84	정인면옥	Sang Hyeon Lee (298곳)	2020년 어제 오후 9시 56분
85	정인면옥	마상훈 (13곳)	2020년 8월 10일
86	정인면옥	일기일회 (4260곳)	2020년 8월 9일
87	정인면옥	김박사부친 (1090곳)	2020년 8월 6일
88	정인면옥	이영진 (247곳)	2020년 7월 26일
89	정인면옥	김성현 (2곳)	2020년 7월 25일
90	정인면옥	파이닝 (217곳)	2020년 7월 2일
91	정인면옥	이상헌 (77곳)	2020년 7월 1일
92	정인면옥	IckHwan Kim (575곳)	2020년 6월 21일
93	정인면옥	조슈아 (38곳)	2020년 5월 14일
94	정인면옥	HwanJun Lim (100곳)	2020년 5월 3일
95	정인면옥	쮀니 (141곳)	2020년 5월 3일
96	정인면옥	지현 (378곳)	2020년 4월 23일
97	정인면옥	Sung No Yoon (20곳)	2020년 4월 17일
98	정인면옥	홍성진 (130곳)	2020년 4월 5일
99	정인면옥	권순상 (285곳)	2020년 3월 17일
100	정인면옥	Dae Young Kim (368곳)	2020년 2월 18일
101	정인면옥	유종연 (201곳)	2020년 2월 10일
102	정인면옥	캠포트리 (1596곳)	2020년 1월 25일
103	정인면옥	Yongju Jo (96곳)	2020년 1월 24일
104	정인면옥	지수 (328곳)	2020년 1월 24일
105	정인면옥	슈발츠제네거 (135곳)	2020년 1월 16일
106	정인면옥	heejung8 (111곳)	2020년 1월 15일
107	정인면옥	물푸레나뭇잎 (384곳)	2020년 1월 10일
108	정인면옥	일년사계절맛집만 (8곳)	2020년 1월 5일
109	정인면옥	Jong-Ahn Kang (258곳)	2020년 1월 3일
110	정인면옥	miwra (2068곳)	2019년 12월 29일
111	정인면옥	김한슬 (133곳)	2019년 12월 27일
112	정인면옥	Eugene Eugene (131곳)	2019년 12월 22일
113	정인면옥	Tae June Moon (75곳)	2019년 12월 21일
114	정인면옥	yzjang (313곳)	2019년 12월 20일
115	정인면옥	Shane Kong (52곳)	2019년 12월 15일
116	정인면옥	domo (598곳)	2019년 12월 8일
117	정인면옥	옥현수 (7곳)	2019년 11월 17일
118	정인면옥	Jikyeong Miguel Jang (58곳)	2019년 11월 13일
119	정인면옥	Jay Jung (45곳)	2019년 10월 23일
120	정인면옥	Sung Mok Yu (114곳)	2019년 10월 10일
121	정인면옥	정재훈 (285곳)	2019년 9월 14일
122	정인면옥	yunsics (1곳)	2019년 9월 1일
123	정인면옥	Happy Smile (302곳)	2019년 8월 19일
124	정인면옥	윤정한 (62곳)	2019년 8월 17일
125	정인면옥	대뽕 (302곳)	2019년 8월 10일
126	정인면옥	신지원 (169곳)	2019년 8월 7일
127	정인면옥	재원강 (103곳)	2019년 8월 3일
128	정인면옥	한성민 (480곳)	2019년 7월 18일
129	정인면옥	Me (397곳)	2019년 7월 11일
130	정인면옥	Gyul Kyle Han (44곳)	2019년 6월 24일
131	정인면옥	소울콩 (319곳)	2019년 6월 22일
132	정인면옥	DeokJin Park (596곳)	2019년 6월 22일
133	정인면옥	Gi Seong Lee (23곳)	2019년 6월 14일
134	정인면옥	Inje Jang (1곳)	2019년 6월 13일
135	정인면옥	sunny (61곳)	2019년 6월 5일
136	정인면옥	진진 (48곳)	2019년 6월 2일
137	정인면옥	Park Hanki (472곳)	2019년 5월 29일
138	정인면옥	Jjkha (143곳)	2019년 5월 24일
139	정인면옥	Yub Lee (14곳)	2019년 5월 9일
140	정인면옥	일리언 (120곳)	2019년 5월 3일
141	정인면옥	helen (62곳)	2019년 4월 14일
142	정인면옥	정현 (34곳)	2019년 4월 11일
143	정인면옥	최기송 (28곳)	2019년 3월 31일
144	정인면옥	황홍진 (117곳)	2019년 3월 24일
145	정인면옥	Dong Eun Kim (40곳)	2019년 3월 14일
146	정인면옥	전파고양이 (2곳)	2019년 3월 1일
147	정인면옥	GGY (1315곳)	2019년 2월 28일
148	정인면옥	nbahk (568곳)	2019년 2월 20일
149	정인면옥	머쩍꿀랭이 (30곳)	2019년 1월 30일
150	정인면옥	한아름 (4곳)	2019년 1월 22일
151	정인면옥	OlympicPark (416곳)	2019년 1월 6일
152	정인면옥	Jin (29곳)	2019년 1월 2일
153	정인면옥	섬광 (173곳)	2018년 12월 31일
154	정인면옥	반디 (64곳)	2018년 12월 28일
155	정인면옥	Yongtae Kim (180곳)	2018년 12월 27일
156	정인면옥	유자은자 (36곳)	2018년 12월 20일
157	정인면옥	현호찬 (49곳)	2018년 12월 17일
158	정인면옥	Junhaeng Lee (359곳)	2018년 12월 6일
159	정인면옥	임창대 (434곳)	2018년 12월 3일
160	정인면옥	Jang Hyunsoo (91곳)	2018년 12월 3일
161	정인면옥	SOSOPA (8417곳)	2018년 11월 29일
162	정인면옥	Mago (133곳)	2018년 11월 27일
163	정인면옥	Younghwan Yoo (201곳)	2018년 11월 25일
164	정인면옥	맛동산 (5곳)	2018년 11월 20일
165	정인면옥	nova11 (266곳)	2018년 11월 11일
166	정인면옥	onis (1590곳)	2018년 11월 6일
167	정인면옥	콘소메 (294곳)	2018년 10월 18일
168	정인면옥	로또 (5곳)	2018년 10월 14일
169	정인면옥	Wankyu Lee (206곳)	2018년 10월 12일
170	정인면옥	황혜경 (37곳)	2018년 10월 8일
171	정인면옥	신분당 (122곳)	2018년 10월 7일
172	정인면옥	Hyunchul Cho (335곳)	2018년 9월 30일
173	정인면옥	정진희 (421곳)	2018년 9월 29일
174	정인면옥	seokey (83곳)	2018년 9월 18일
175	정인면옥	꼬기 (14곳)	2018년 9월 11일
176	정인면옥	金世永 (119곳)	2018년 9월 9일
177	정인면옥	정현택 (213곳)	2018년 9월 7일
178	정인면옥	육형문 (275곳)	2018년 8월 21일
179	정인면옥	Kunwoo Kim (517곳)	2018년 8월 8일
180	정인면옥	Tiber (7곳)	2018년 8월 7일
181	정인면옥	다찌마와리 (116곳)	2018년 8월 3일
182	정인면옥	nampyon92 (299곳)	2018년 7월 28일
183	정인면옥	배은서 (47곳)	2018년 7월 25일
184	정인면옥	hikorea21 (318곳)	2018년 7월 23일
185	정인면옥	김정호 (165곳)	2018년 7월 20일
186	정인면옥	Hwahyun Ryu (620곳)	2018년 7월 19일
187	정인면옥	KFCC (263곳)	2018년 7월 18일
188	정인면옥	Hyunho Seol (111곳)	2018년 7월 18일
189	정인면옥	Seongjin Moon (6곳)	2018년 7월 16일
190	정인면옥	편희제 (295곳)	2018년 7월 8일
191	정인면옥	Hee Chul Eum (323곳)	2018년 7월 6일
192	정인면옥	gogogogo (417곳)	2018년 7월 3일
193	정인면옥	Sam Tak (26곳)	2018년 6월 29일
194	정인면옥	Bok Yeon Hwang (102곳)	2018년 6월 26일
195	정인면옥	kcm (28곳)	2018년 6월 23일
196	정인면옥	Sunghoon Kim (65곳)	2018년 6월 22일
197	정인면옥	정민호 (38곳)	2018년 6월 16일
198	정인면옥	Seong Kook Cho (7곳)	2018년 6월 10일
199	정인면옥	Kyuwan Kwon (57곳)	2018년 6월 8일
200	정인면옥	최효근 (28곳)	2018년 6월 7일
201	정인면옥	강 명수 (125곳)	2018년 5월 21일
202	정인면옥	Sung Hoon Kim (46곳)	2018년 5월 21일
203	정인면옥	굿나우 (42곳)	2018년 5월 20일
204	정인면옥	알루 (191곳)	2018년 5월 18일
205	정인면옥	arim (665곳)	2018년 5월 13일
206	정인면옥	나까무라 (9곳)	2018년 5월 11일
207	정인면옥	이필립 (8곳)	2018년 5월 6일
208	정인면옥	Young Cheol Lee (249곳)	2018년 5월 5일
209	정인면옥	wenley (99곳)	2018년 5월 5일
210	정인면옥	Soonook Park (9곳)	2018년 5월 5일
211	정인면옥	DASIT (4010곳)	2018년 5월 3일
212	정인면옥	Jina Lee (376곳)	2018년 5월 3일
213	정인면옥	Eunjeong Park (14곳)	2018년 5월 2일
214	정인면옥	GENIE (401곳)	2018년 4월 30일
215	정인면옥	묘리. (10곳)	2018년 4월 27일
216	정인면옥	퐁퐁 (523곳)	2018년 4월 18일
217	정인면옥	테이스티 (33곳)	2018년 4월 15일
218	정인면옥	문문 (212곳)	2018년 4월 12일
219	정인면옥	박솔지 (268곳)	2018년 4월 8일
220	정인면옥	성민 (9곳)	2018년 4월 6일
221	정인면옥	Siwon Jang (29곳)	2018년 4월 5일
222	정인면옥	Jeonghye Kim (125곳)	2018년 3월 25일
223	정인면옥	치치아빠 (328곳)	2018년 3월 24일
224	정인면옥	이승재 (6곳)	2018년 3월 21일
225	정인면옥	냠냠 (61곳)	2018년 3월 18일
226	정인면옥	궈네슈 (15곳)	2018년 3월 17일
227	정인면옥	박기완 (21곳)	2018년 3월 16일
228	정인면옥	Leo Shin (621곳)	2018년 3월 9일
229	정인면옥	야무치 (37곳)	2018년 3월 3일
230	정인면옥	Kenny Go (67곳)	2018년 3월 1일
231	정인면옥	스고이~ (142곳)	2018년 2월 25일
232	정인면옥	최하영 (128곳)	2018년 2월 20일
233	정인면옥	Jaewon Ma (118곳)	2018년 2월 14일
234	정인면옥	OWATARI MISAKI (82곳)	2018년 2월 12일
235	정인면옥	yeearan (819곳)	2018년 2월 7일
236	정인면옥	고형주 (235곳)	2018년 2월 7일
237	정인면옥	Taerim Tequan Yoon (88곳)	2018년 2월 2일
238	정인면옥	정영복 (350곳)	2018년 1월 29일
239	정인면옥	Eung-il Lee (40곳)	2018년 1월 28일
240	정인면옥	Bumsun Han (565곳)	2018년 1월 8일
241	정인면옥	skc0125 (109곳)	2018년 1월 8일
242	정인면옥	이길화 (45곳)	2018년 1월 5일
243	정인면옥	Yongho Kim (415곳)	2018년 1월 3일
244	정인면옥	sixface (74곳)	2017년 12월 26일
245	정인면옥	이은영 (187곳)	2017년 12월 12일
246	정인면옥	대규밴드 (34곳)	2017년 12월 10일
247	정인면옥	김은환 (956곳)	2017년 12월 4일
248	정인면옥	SungHye Chin (210곳)	2017년 12월 1일
249	정인면옥	정상구 (1547곳)	2017년 11월 30일
250	정인면옥	Changho Ha (706곳)	2017년 11월 21일
251	정인면옥	천승현 (30곳)	2017년 11월 18일
252	정인면옥	바이퍼구의 (188곳)	2017년 11월 14일
253	정인면옥	연상준 (13곳)	2017년 11월 14일
254	정인면옥	조관희 (59곳)	2017년 11월 12일
255	정인면옥	강재윤 (109곳)	2017년 10월 28일
256	정인면옥	Jun Jiyoung (805곳)	2017년 10월 25일
257	정인면옥	Ji Hoon Pi (144곳)	2017년 10월 13일
258	정인면옥	윤설 (82곳)	2017년 10월 9일
259	정인면옥	UN Seok Lee (17곳)	2017년 10월 8일
260	정인면옥	김도현 (72곳)	2017년 9월 18일
261	정인면옥	Eunjung Pakchoi (45곳)	2017년 9월 12일
262	정인면옥	Mills Kim (114곳)	2017년 9월 10일
263	정인면옥	김동식 (394곳)	2017년 9월 4일
264	정인면옥	Luke Lee (2곳)	2017년 8월 21일
265	정인면옥	박용석 (3곳)	2017년 8월 14일
266	정인면옥	Eunjung Cho (143곳)	2017년 8월 12일
267	정인면옥	도르돌 (188곳)	2017년 8월 10일
268	정인면옥	조미료싫어요 (82곳)	2017년 8월 5일
269	정인면옥	goodday (1350곳)	2017년 8월 3일
270	정인면옥	우재하 (138곳)	2017년 8월 3일
271	정인면옥	Seul-kee Lee (18곳)	2017년 8월 2일
272	정인면옥	남쪽계단 (823곳)	2017년 7월 30일
273	정인면옥	Kim Shik (482곳)	2017년 7월 23일
274	정인면옥	Nam Jeewoon (9곳)	2017년 7월 10일
275	정인면옥	조주현 (146곳)	2017년 7월 9일
276	정인면옥	dew (236곳)	2017년 7월 7일
277	정인면옥	도끼맨 (684곳)	2017년 7월 1일
278	정인면옥	Brian Lee (238곳)	2017년 6월 23일
279	정인면옥	Woo Young Kwak (8곳)	2017년 6월 22일
280	정인면옥	ㅈㅋㅇ (2451곳)	2017년 6월 14일
281	정인면옥	Minje Joo (125곳)	2017년 5월 27일
282	정인면옥	Tae-kyung Kim (25곳)	2017년 5월 24일
283	정인면옥	Jin Yoon (320곳)	2017년 5월 22일
284	정인면옥	Heywon Kang (12곳)	2017년 5월 12일
285	정인면옥	Edwin (51곳)	2017년 5월 6일
286	정인면옥	Woo Seok Jung (113곳)	2017년 5월 2일
287	정인면옥	Changhun Song (383곳)	2017년 5월 1일
288	정인면옥	에이제이 (48곳)	2017년 4월 30일
289	정인면옥	kshksh (5곳)	2017년 4월 29일
290	정인면옥	덴절워싱톤 (2곳)	2017년 4월 17일
291	정인면옥	백상우 (631곳)	2017년 4월 15일
292	정인면옥	ah (23곳)	2017년 4월 15일
293	정인면옥	유준호 (22곳)	2017년 4월 9일
294	정인면옥	Hansu Ryu (129곳)	2017년 4월 8일
295	정인면옥	Jonghwa Park (634곳)	2017년 3월 29일
296	정인면옥	Joo Hyun Kang (12곳)	2017년 3월 27일
297	정인면옥	박지만 (17곳)	2017년 3월 26일
298	정인면옥	YongBae Kim (28곳)	2017년 3월 25일
299	정인면옥	추현진 (228곳)	2017년 3월 11일
300	정인면옥	탱굴 (37곳)	2017년 3월 8일
301	정인면옥	상화김 (4곳)	2017년 3월 4일
302	정인면옥	CHOi (15곳)	2017년 3월 2일
303	정인면옥	박민규 (103곳)	2017년 2월 20일
304	정인면옥	김재환 (3500곳)	2017년 2월 19일
305	정인면옥	김주일 (234곳)	2017년 2월 19일
306	정인면옥	TaeWoo Kang (48곳)	2017년 2월 5일
307	정인면옥	jo (99곳)	2017년 2월 5일
308	정인면옥	Yonghan Lee (229곳)	2017년 1월 25일
309	정인면옥	채플린 (129곳)	2017년 1월 22일
310	정인면옥	하재 (74곳)	2017년 1월 13일
311	정인면옥	홍성구 (509곳)	2017년 1월 11일
312	정인면옥	꿀미금 (101곳)	2017년 1월 10일
313	정인면옥	Seungjae Lee (77곳)	2016년 12월 24일
314	정인면옥	YoungHee Kim (15곳)	2016년 12월 13일
315	정인면옥	임종성 (54곳)	2016년 12월 9일
316	정인면옥	이백치 (17곳)	2016년 12월 8일
317	정인면옥	쿱하 (40곳)	2016년 11월 30일
318	정인면옥	전형준 (3곳)	2016년 11월 20일
319	정인면옥	Lee Kyeongtaek (532곳)	2016년 11월 18일
320	정인면옥	김종한 (90곳)	2016년 11월 17일
321	정인면옥	김종균 (125곳)	2016년 11월 15일
322	정인면옥	steve (1575곳)	2016년 11월 15일
323	정인면옥	채영권 (3곳)	2016년 11월 11일
324	정인면옥	abcd1234 (327곳)	2016년 11월 11일
325	정인면옥	박성현 (296곳)	2016년 11월 9일
326	정인면옥	알라 (1631곳)	2016년 11월 4일
327	정인면옥	다이닝코드 (82곳)	2016년 11월 2일
328	정인면옥	다케터 (277곳)	2016년 11월 2일
329	정인면옥	김태준 (438곳)	2016년 11월 2일
330	정인면옥	Jeong Min Lee (267곳)	2016년 11월 2일
331	정인면옥	용소린 (18곳)	2016년 10월 27일
332	정인면옥	조호용 (317곳)	2016년 10월 24일
333	정인면옥	강 예슬 (14곳)	2016년 10월 22일
334	정인면옥	Youngmin Park (2곳)	2016년 10월 19일
335	정인면옥	박주형 (88곳)	2016년 10월 16일
336	정인면옥	Choong Hoon Lee (12곳)	2016년 10월 13일
337	정인면옥	욘 (307곳)	2016년 10월 7일
338	정인면옥	Min Okhee (2773곳)	2016년 10월 7일
339	정인면옥	조성균 (20곳)	2016년 10월 5일
340	정인면옥	Dong Ho Yoo (368곳)	2016년 10월 3일
341	정인면옥	암자선생 (24곳)	2016년 9월 30일
342	정인면옥	Byung Hoon Kay Kim (15곳)	2016년 9월 26일
343	정인면옥	멍소리 (172곳)	2016년 9월 26일
344	정인면옥	Jo Joonhyong (24곳)	2016년 9월 18일
345	정인면옥	vvvvvvvv (166곳)	2016년 9월 17일
346	정인면옥	Woo Ju Kim (21곳)	2016년 9월 16일
347	정인면옥	Youngki Kim (91곳)	2016년 9월 16일
348	정인면옥	Steve Park (1곳)	2016년 9월 13일
349	정인면옥	pdj (668곳)	2016년 9월 12일
350	정인면옥	Seungwook Jin (97곳)	2016년 9월 5일
351	정인면옥	임수현 (38곳)	2016년 9월 4일
352	정인면옥	윤설희 (74곳)	2016년 9월 3일
353	정인면옥	임널 (41곳)	2016년 8월 21일
354	정인면옥	Jinoo Park (155곳)	2016년 8월 20일
355	정인면옥	fudievak (21곳)	2016년 8월 19일
356	정인면옥	스탄자 (370곳)	2016년 8월 19일
357	정인면옥	Minwook Kim (39곳)	2016년 8월 16일
358	정인면옥	권태형 (62곳)	2016년 8월 15일
359	정인면옥	Jang Myung-gyoon (40곳)	2016년 8월 14일
360	정인면옥	신동진 (13곳)	2016년 8월 9일
361	정인면옥	여유박 (4527곳)	2016년 8월 9일
362	정인면옥	Jini Kwon (222곳)	2016년 8월 6일
363	정인면옥	Kyuho Lee (3곳)	2016년 8월 6일
364	정인면옥	김소희 (29곳)	2016년 7월 28일
365	정인면옥	zzzzz (9곳)	2016년 7월 23일
366	정인면옥	qhsk (5곳)	2016년 7월 23일
367	정인면옥	manguri (2곳)	2016년 7월 20일
368	정인면옥	황종현 (13곳)	2016년 7월 15일
369	정인면옥	casper (215곳)	2016년 7월 12일
370	정인면옥	Billy Han (79곳)	2016년 7월 8일
371	정인면옥	레오엄빠 (15곳)	2016년 7월 8일
372	정인면옥	Joe Sung (101곳)	2016년 7월 7일
373	정인면옥	조아라 (455곳)	2016년 7월 6일
374	정인면옥	Chaewon Jeff Lee (129곳)	2016년 7월 4일
375	정인면옥	알맹이 (5곳)	2016년 6월 29일
376	정인면옥	Joong-Seok Cho (483곳)	2016년 6월 24일
377	정인면옥	moc (3곳)	2016년 6월 24일
378	정인면옥	토끼형 (93곳)	2016년 6월 20일
379	정인면옥	BoKyung Kim (3곳)	2016년 6월 15일
380	정인면옥	Moon Su Baik (97곳)	2016년 6월 5일
381	정인면옥	박재형 (30곳)	2016년 5월 22일
382	정인면옥	Seung-hyeon Lee (33곳)	2016년 5월 22일
383	정인면옥	달달곰 (166곳)	2016년 5월 16일
384	정인면옥	Seo Ju Kyung (48곳)	2016년 5월 13일
385	정인면옥	Stephen Jeong (43곳)	2016년 5월 11일
386	정인면옥	jasonB (24곳)	2016년 5월 8일
387	정인면옥	paga00 (17곳)	2016년 5월 5일
388	정인면옥	Kelly Kim (89곳)	2016년 4월 24일
389	정인면옥	지영재 (5곳)	2016년 4월 22일
390	정인면옥	데이톤 (49곳)	2016년 4월 18일
391	정인면옥	Eun-Young Kim (60곳)	2016년 4월 9일
392	정인면옥	2자이상 (12곳)	2016년 4월 7일
393	정인면옥	YoungHun Jeong (150곳)	2016년 4월 7일
394	정인면옥	박한일 (2곳)	2016년 4월 5일
395	정인면옥	Taesup Lee (1224곳)	2016년 4월 5일
396	정인면옥	찡찡이 (18곳)	2016년 4월 3일
397	정인면옥	조군29 (1곳)	2016년 4월 1일
398	정인면옥	서건형 (4곳)	2016년 3월 30일
399	정인면옥	MZRL (11곳)	2016년 3월 28일
400	정인면옥	와호장룡 (248곳)	2016년 3월 24일
401	정인면옥	김정윤 (54곳)	2016년 3월 22일
402	정인면옥	Ryuhyun Kim (21곳)	2016년 3월 21일
403	정인면옥	노태현 (119곳)	2016년 3월 20일
404	정인면옥	Yoonyoung Cho (18곳)	2016년 3월 12일
405	정인면옥	박짱~ (125곳)	2016년 3월 12일
406	정인면옥	Jihye Lee (76곳)	2016년 3월 11일
407	정인면옥	캬냑 (436곳)	2016년 3월 5일
408	정인면옥	정은미 (33곳)	2016년 3월 3일
409	정인면옥	강예니 (28곳)	2016년 3월 1일
410	정인면옥	JAESEON LEE 이재선 (1172곳)	2016년 2월 27일
411	정인면옥	마을사람A (27곳)	2016년 2월 26일
412	정인면옥	skyzoo (881곳)	2016년 2월 23일
413	정인면옥	김수현여친 (314곳)	2016년 2월 5일
414	정인면옥	Hyongjin Kim (13곳)	2016년 1월 30일
415	정인면옥	칸쵸 (436곳)	2016년 1월 28일
416	정인면옥	최광연 (24곳)	2016년 1월 24일
417	정인면옥	Woojin Park (6곳)	2016년 1월 19일
418	정인면옥	MinKyu Jo (99곳)	2016년 1월 13일
419	정인면옥	Jungin Shin (71곳)	2016년 1월 7일
420	정인면옥	Jaeyoung Lee (32곳)	2015년 12월 20일
421	정인면옥	kodatt (12곳)	2015년 12월 5일
422	정인면옥	Thon Kim (212곳)	2015년 12월 4일
423	정인면옥	Taekyeong Lee (277곳)	2015년 12월 3일
424	정인면옥	Daegon Cho (8곳)	2015년 11월 30일
425	정인면옥	실 (391곳)	2015년 11월 13일
426	정인면옥	Taehee Woo (245곳)	2015년 11월 12일
427	정인면옥	rurumin (623곳)	2015년 11월 12일
428	정인면옥	공유라 (5곳)	2015년 11월 9일
429	정인면옥	Rich Lee (7곳)	2015년 11월 6일
430	정인면옥	Carlos Ulbeghi (45곳)	2015년 10월 31일
431	정인면옥	Nam Seok Cho (4곳)	2015년 10월 25일
432	정인면옥	Andrew Lee (78곳)	2015년 8월 23일
433	정인면옥	윤원녕 (156곳)	2015년 8월 6일
434	아트리오	존콘스탄틴 (7곳)	2019년 8월 10일
435	아트리오	Yong Yeon Kwon (220곳)	2018년 12월 21일
436	아트리오	Sean SeokYun Woo (348곳)	2018년 12월 6일
437	아트리오	Hyunchul Cho (335곳)	2018년 9월 30일
438	아트리오	jadoreyj (59곳)	2018년 6월 30일
439	가양칼국수버섯매운탕	Moon Ki Deuk (107곳)	2020년 8월 18일
440	가양칼국수버섯매운탕	최승욱 (20곳)	2020년 8월 18일
441	가양칼국수버섯매운탕	stopsilver (113곳)	2020년 7월 28일
442	가양칼국수버섯매운탕	홍민곤 (68곳)	2020년 6월 23일
443	가양칼국수버섯매운탕	Kyung-Ho Baik (60곳)	2020년 5월 19일
444	가양칼국수버섯매운탕	myjoonkim (113곳)	2020년 5월 9일
445	가양칼국수버섯매운탕	이현구 (27곳)	2020년 5월 5일
446	가양칼국수버섯매운탕	다룽 (446곳)	2020년 5월 3일
447	가양칼국수버섯매운탕	도끼맨 (684곳)	2020년 4월 25일
448	가양칼국수버섯매운탕	지현 (378곳)	2020년 4월 12일
449	가양칼국수버섯매운탕	Jiwon (33곳)	2020년 4월 11일
450	가양칼국수버섯매운탕	초딩입맛 (183곳)	2020년 4월 9일
451	가양칼국수버섯매운탕	고재현 (59곳)	2020년 3월 20일
452	가양칼국수버섯매운탕	miwra (2068곳)	2020년 3월 7일
453	가양칼국수버섯매운탕	고창우 (38곳)	2020년 3월 1일
454	가양칼국수버섯매운탕	고라니 (38곳)	2020년 3월 1일
455	가양칼국수버섯매운탕	Dae Young Kim (368곳)	2020년 2월 18일
456	가양칼국수버섯매운탕	지수 (328곳)	2020년 1월 27일
457	가양칼국수버섯매운탕	캠포트리 (1596곳)	2020년 1월 11일
458	가양칼국수버섯매운탕	가나다라 (9곳)	2019년 12월 25일
459	가양칼국수버섯매운탕	쵸쵸몬 (2곳)	2019년 12월 23일
460	가양칼국수버섯매운탕	GGY (1315곳)	2019년 12월 23일
461	가양칼국수버섯매운탕	iisd (18곳)	2019년 12월 13일
462	가양칼국수버섯매운탕	Changhun Song (383곳)	2019년 12월 10일
463	가양칼국수버섯매운탕	겔륵 (72곳)	2019년 12월 9일
464	가양칼국수버섯매운탕	정민영 (5곳)	2019년 11월 9일
465	가양칼국수버섯매운탕	강민규 (2곳)	2019년 11월 9일
466	가양칼국수버섯매운탕	jazz (50곳)	2019년 10월 9일
467	가양칼국수버섯매운탕	김희주 (5곳)	2019년 10월 2일
468	가양칼국수버섯매운탕	BIN (59곳)	2019년 9월 28일
469	가양칼국수버섯매운탕	전상익 (1760곳)	2019년 9월 9일
470	가양칼국수버섯매운탕	Taek Ham Oh (100곳)	2019년 9월 7일
471	가양칼국수버섯매운탕	알라 (1631곳)	2019년 9월 3일
472	가양칼국수버섯매운탕	밥풀 (353곳)	2019년 8월 30일
473	가양칼국수버섯매운탕	정상구 (1547곳)	2019년 8월 25일
474	가양칼국수버섯매운탕	Woonbong Kim (228곳)	2019년 8월 4일
475	가양칼국수버섯매운탕	IV (171곳)	2019년 8월 3일
476	가양칼국수버섯매운탕	Jae Hyun Lee (298곳)	2019년 7월 12일
477	가양칼국수버섯매운탕	Me (397곳)	2019년 7월 11일
478	가양칼국수버섯매운탕	helen (62곳)	2019년 6월 30일
479	가양칼국수버섯매운탕	김태헌 (98곳)	2019년 6월 6일
480	가양칼국수버섯매운탕	김성국 (2곳)	2019년 6월 3일
481	가양칼국수버섯매운탕	Park Hanki (472곳)	2019년 5월 29일
482	가양칼국수버섯매운탕	심기용 (31곳)	2019년 5월 17일
483	가양칼국수버섯매운탕	신승식 (22곳)	2019년 5월 8일
484	가양칼국수버섯매운탕	Jhoooo (90곳)	2019년 5월 4일
485	가양칼국수버섯매운탕	석희 (244곳)	2019년 5월 3일
486	가양칼국수버섯매운탕	정현 (34곳)	2019년 4월 11일
487	가양칼국수버섯매운탕	김찬우 (112곳)	2019년 4월 1일
488	가양칼국수버섯매운탕	Snoop (21곳)	2019년 3월 28일
489	가양칼국수버섯매운탕	Kim Shik (482곳)	2019년 3월 19일
490	가양칼국수버섯매운탕	hyotiger (22곳)	2019년 3월 4일
491	가양칼국수버섯매운탕	tallone1 (5곳)	2019년 1월 30일
492	가양칼국수버섯매운탕	표블리 (256곳)	2019년 1월 13일
493	가양칼국수버섯매운탕	Yongtae Kim (180곳)	2018년 11월 29일
494	가양칼국수버섯매운탕	onis (1590곳)	2018년 11월 6일
495	가양칼국수버섯매운탕	SOSOPA (8417곳)	2018년 10월 24일
496	가양칼국수버섯매운탕	Wankyu Lee (206곳)	2018년 9월 24일
497	가양칼국수버섯매운탕	Goeun Hong (60곳)	2018년 9월 19일
498	가양칼국수버섯매운탕	Sojin Hwang (19곳)	2018년 8월 18일
499	가양칼국수버섯매운탕	zeuni (354곳)	2018년 7월 29일
500	가양칼국수버섯매운탕	louisejkim (78곳)	2018년 7월 23일
501	가양칼국수버섯매운탕	Hyunho Seol (111곳)	2018년 7월 18일
502	가양칼국수버섯매운탕	유병창 (73곳)	2018년 7월 14일
503	가양칼국수버섯매운탕	Hee Chul Eum (323곳)	2018년 7월 6일
504	가양칼국수버섯매운탕	ksc (4곳)	2018년 6월 26일
505	가양칼국수버섯매운탕	arim (665곳)	2018년 5월 13일
506	가양칼국수버섯매운탕	이이가가오오 (243곳)	2018년 4월 17일
507	가양칼국수버섯매운탕	문문 (212곳)	2018년 4월 12일
508	가양칼국수버섯매운탕	Leo Shin (621곳)	2018년 3월 30일
509	가양칼국수버섯매운탕	ㅈㅋㅇ (2451곳)	2018년 3월 18일
510	가양칼국수버섯매운탕	구덕훈 (5곳)	2018년 2월 25일
511	가양칼국수버섯매운탕	남규호 (36곳)	2018년 2월 22일
512	가양칼국수버섯매운탕	나의 프로필 (13곳)	2018년 2월 19일
513	가양칼국수버섯매운탕	장문성 (1곳)	2018년 2월 1일
514	가양칼국수버섯매운탕	이유경 (5곳)	2018년 1월 31일
515	가양칼국수버섯매운탕	amourjy (84곳)	2018년 1월 30일
516	가양칼국수버섯매운탕	SangJoon Han (56곳)	2018년 1월 21일
517	가양칼국수버섯매운탕	skc0125 (109곳)	2018년 1월 8일
518	가양칼국수버섯매운탕	다코코코다 (5곳)	2018년 1월 5일
519	가양칼국수버섯매운탕	김현영 (433곳)	2017년 12월 10일
520	가양칼국수버섯매운탕	대규밴드 (34곳)	2017년 12월 10일
521	가양칼국수버섯매운탕	김세중 (159곳)	2017년 10월 21일
522	가양칼국수버섯매운탕	이선정 (57곳)	2017년 10월 2일
523	가양칼국수버섯매운탕	이진우 (45곳)	2017년 9월 29일
524	가양칼국수버섯매운탕	흰고양이 (120곳)	2017년 9월 3일
525	가양칼국수버섯매운탕	방정연 (24곳)	2017년 8월 26일
526	가양칼국수버섯매운탕	김유신 (7곳)	2017년 8월 15일
527	가양칼국수버섯매운탕	Sujin Kim (345곳)	2017년 8월 4일
528	가양칼국수버섯매운탕	yemu (58곳)	2017년 8월 4일
529	가양칼국수버섯매운탕	Seung (4곳)	2017년 7월 27일
530	가양칼국수버섯매운탕	쿠와아앙 (10곳)	2017년 5월 4일
531	가양칼국수버섯매운탕	김석영 (134곳)	2017년 5월 1일
532	가양칼국수버섯매운탕	John Maranatha (4곳)	2017년 4월 21일
533	가양칼국수버섯매운탕	김윤재 (1곳)	2017년 4월 15일
534	가양칼국수버섯매운탕	Min Okhee (2773곳)	2017년 4월 8일
535	가양칼국수버섯매운탕	바코 (42곳)	2017년 4월 6일
536	가양칼국수버섯매운탕	Kim Guseul (19곳)	2017년 4월 1일
537	가양칼국수버섯매운탕	원용인 (307곳)	2017년 3월 21일
538	가양칼국수버섯매운탕	Mor Pheus (265곳)	2017년 3월 11일
539	가양칼국수버섯매운탕	ㄱㅁㅎ (38곳)	2017년 3월 3일
540	가양칼국수버섯매운탕	Hyung Su Kim (4곳)	2017년 3월 1일
541	가양칼국수버섯매운탕	penelf (17곳)	2017년 2월 24일
542	가양칼국수버섯매운탕	ksh (81곳)	2017년 1월 22일
543	가양칼국수버섯매운탕	원민재 (4곳)	2016년 12월 6일
544	가양칼국수버섯매운탕	Young Ji Lee (97곳)	2016년 12월 3일
545	가양칼국수버섯매운탕	Yg Cho (23곳)	2016년 11월 22일
546	가양칼국수버섯매운탕	Dongkyun Jeong (36곳)	2016년 11월 13일
547	가양칼국수버섯매운탕	heegyo2 (54곳)	2016년 11월 5일
548	가양칼국수버섯매운탕	동동동 (90곳)	2016년 10월 20일
549	가양칼국수버섯매운탕	김현진 (48곳)	2016년 10월 18일
550	가양칼국수버섯매운탕	김민관 (25곳)	2016년 9월 28일
551	가양칼국수버섯매운탕	Cho Jung-Ah (16곳)	2016년 9월 28일
552	가양칼국수버섯매운탕	달콤미야 (17곳)	2016년 9월 25일
553	가양칼국수버섯매운탕	Hoyoung Jung (32곳)	2016년 9월 13일
554	가양칼국수버섯매운탕	임수현 (38곳)	2016년 9월 4일
555	가양칼국수버섯매운탕	어떤오후 (21곳)	2016년 8월 31일
556	가양칼국수버섯매운탕	연쥬 (125곳)	2016년 8월 20일
557	가양칼국수버섯매운탕	여유박 (4527곳)	2016년 8월 9일
558	가양칼국수버섯매운탕	Taesup Lee (1224곳)	2016년 8월 3일
559	가양칼국수버섯매운탕	lapuntzel (22곳)	2016년 7월 28일
560	가양칼국수버섯매운탕	쭈니아빠 (25곳)	2016년 7월 14일
561	가양칼국수버섯매운탕	Joe Sung (101곳)	2016년 7월 9일
562	가양칼국수버섯매운탕	Jae Yoo (82곳)	2016년 6월 29일
563	가양칼국수버섯매운탕	ㄱㄱㅎ (4곳)	2016년 6월 20일
564	가양칼국수버섯매운탕	송유림 (16곳)	2016년 6월 20일
565	가양칼국수버섯매운탕	Yoon Ho Cheon (12곳)	2016년 6월 16일
566	가양칼국수버섯매운탕	Dora (671곳)	2016년 6월 14일
567	가양칼국수버섯매운탕	Eunjeong Ko (26곳)	2016년 6월 11일
568	가양칼국수버섯매운탕	박재형 (30곳)	2016년 5월 22일
569	가양칼국수버섯매운탕	강상인 (26곳)	2016년 5월 17일
570	가양칼국수버섯매운탕	ahn429 (19곳)	2016년 5월 14일
571	가양칼국수버섯매운탕	미니꼬 (11곳)	2016년 5월 8일
572	가양칼국수버섯매운탕	Sang Ho Oh (2곳)	2016년 5월 2일
573	가양칼국수버섯매운탕	Minjung Kim (1곳)	2016년 3월 27일
574	가양칼국수버섯매운탕	방화동조피디 (8곳)	2016년 3월 25일
575	가양칼국수버섯매운탕	Jho Lee (860곳)	2016년 3월 22일
576	가양칼국수버섯매운탕	노태현 (119곳)	2016년 3월 20일
577	가양칼국수버섯매운탕	장지율 (16곳)	2016년 3월 18일
578	가양칼국수버섯매운탕	Jisoo Lee (11곳)	2016년 2월 23일
579	진주집	스팅어 (96곳)	2020년 5일 전
580	진주집	닝닝 (60곳)	2020년 6일 전
581	진주집	일리언 (120곳)	2020년 8월 21일
582	진주집	je (43곳)	2020년 8월 13일
583	진주집	Young-Min Heo (68곳)	2020년 8월 11일
584	진주집	해찌 (32곳)	2020년 8월 10일
585	진주집	일기일회 (4260곳)	2020년 8월 9일
586	진주집	윤동상 (108곳)	2020년 8월 8일
587	진주집	이영진 (247곳)	2020년 8월 5일
588	진주집	바부당 (63곳)	2020년 7월 29일
589	진주집	신윤애 (1곳)	2020년 7월 25일
590	진주집	nrdoit (531곳)	2020년 7월 25일
591	진주집	숮ㅇ (12곳)	2020년 7월 24일
592	진주집	binybing (1곳)	2020년 7월 22일
593	진주집	이종헌 (76곳)	2020년 7월 20일
594	진주집	popponz (28곳)	2020년 7월 19일
595	진주집	김수진 (25곳)	2020년 7월 19일
596	진주집	mirae (5곳)	2020년 7월 17일
597	진주집	cloe (53곳)	2020년 7월 14일
598	진주집	담담 (47곳)	2020년 7월 8일
599	진주집	세드흐크리스디나블라디미로브나 (1곳)	2020년 7월 6일
600	진주집	곰도리푸 (310곳)	2020년 7월 6일
601	진주집	이상헌 (101곳)	2020년 7월 4일
602	진주집	미스터 달타냥 (486곳)	2020년 7월 1일
603	진주집	kgs (23곳)	2020년 7월 1일
604	진주집	빵숭잉 (97곳)	2020년 6월 30일
605	진주집	구르미 흘러가듯 (470곳)	2020년 6월 28일
606	진주집	Zoom In (4곳)	2020년 6월 27일
607	진주집	Han Jang (552곳)	2020년 6월 21일
608	진주집	stopsilver (113곳)	2020년 6월 13일
609	진주집	곽태호 (6곳)	2020년 6월 11일
610	진주집	sephine (97곳)	2020년 6월 8일
611	진주집	미농뷘 (25곳)	2020년 6월 7일
612	진주집	Andy Lee (29곳)	2020년 6월 6일
613	진주집	김한슬 (133곳)	2020년 5월 31일
614	진주집	DK (38곳)	2020년 5월 31일
615	진주집	내꾸 (7곳)	2020년 5월 31일
616	진주집	김현준 (3곳)	2020년 5월 27일
617	진주집	윤운섭 (104곳)	2020년 5월 17일
618	진주집	김솔아 (19곳)	2020년 5월 15일
619	진주집	조슈아 (38곳)	2020년 5월 14일
620	진주집	시안 (4곳)	2020년 5월 12일
621	진주집	이일호 (171곳)	2020년 5월 10일
622	진주집	Yehwon Lee (345곳)	2020년 5월 9일
623	진주집	ramiiii (87곳)	2020년 5월 9일
624	진주집	soj (52곳)	2020년 5월 6일
625	진주집	이현구 (27곳)	2020년 5월 5일
626	진주집	박지웅 (37곳)	2020년 5월 4일
627	진주집	쮀니 (141곳)	2020년 5월 3일
628	진주집	Da Hyun Pee (60곳)	2020년 5월 1일
629	진주집	김봉수 (229곳)	2020년 4월 25일
630	진주집	유람 (28곳)	2020년 4월 18일
631	진주집	syun (56곳)	2020년 4월 15일
632	진주집	일년사계절맛집만 (8곳)	2020년 4월 14일
633	진주집	맛집관광 (919곳)	2020년 4월 13일
634	진주집	지현 (378곳)	2020년 4월 12일
635	진주집	Jiwon (33곳)	2020년 4월 11일
636	진주집	홍성진 (130곳)	2020년 4월 5일
637	진주집	Ryley Kwon (19곳)	2020년 4월 5일
638	진주집	마싯눈고 (84곳)	2020년 4월 2일
639	진주집	JYJin (98곳)	2020년 3월 29일
640	진주집	에이제이 (48곳)	2020년 3월 27일
641	진주집	별지맘 (101곳)	2020년 3월 26일
642	진주집	사탕맛포도 (5곳)	2020년 3월 21일
643	진주집	남지 (2곳)	2020년 3월 21일
644	진주집	고재현 (59곳)	2020년 3월 20일
645	진주집	victoryeon (6곳)	2020년 3월 17일
646	진주집	게라 (50곳)	2020년 3월 15일
647	진주집	수현 (5곳)	2020년 3월 14일
648	진주집	이만희 (349곳)	2020년 3월 6일
649	진주집	안미라 (11곳)	2020년 3월 5일
650	진주집	고라니 (38곳)	2020년 3월 1일
651	진주집	이구슬 (228곳)	2020년 2월 20일
652	진주집	윤동욱 (12곳)	2020년 2월 19일
653	진주집	Suncheol Kwon (80곳)	2020년 2월 17일
654	진주집	Sihun Song (69곳)	2020년 2월 13일
655	진주집	Dae Young Kim (368곳)	2020년 2월 13일
656	진주집	Junhyung Maeng (79곳)	2020년 2월 13일
657	진주집	이가영 (21곳)	2020년 2월 8일
658	진주집	일뜩이 (57곳)	2020년 2월 7일
659	진주집	맛쟁이 (66곳)	2020년 2월 1일
660	진주집	Jeehoon Song (56곳)	2020년 1월 26일
661	진주집	유비니 (11곳)	2020년 1월 26일
662	진주집	Seokdae Jang (17곳)	2020년 1월 25일
663	진주집	Keumah Yeo (26곳)	2020년 1월 25일
664	진주집	빌리셔스 (232곳)	2020년 1월 24일
665	진주집	Yongju Jo (96곳)	2020년 1월 24일
666	진주집	지수 (328곳)	2020년 1월 24일
667	진주집	마이티 (10곳)	2020년 1월 24일
668	진주집	구우 (344곳)	2020년 1월 22일
669	진주집	나영 (41곳)	2020년 1월 20일
670	진주집	ghkd2 (238곳)	2020년 1월 18일
671	진주집	Yukyung Jung (28곳)	2020년 1월 18일
672	진주집	Arson Kang (156곳)	2020년 1월 17일
673	진주집	시나조 (17곳)	2020년 1월 17일
674	진주집	김소연 (112곳)	2020년 1월 16일
675	진주집	heejung8 (111곳)	2020년 1월 15일
676	진주집	이신열 (69곳)	2020년 1월 14일
677	진주집	슈발츠제네거 (135곳)	2020년 1월 14일
678	진주집	망고 (16곳)	2020년 1월 13일
679	진주집	Jeta (44곳)	2020년 1월 13일
680	진주집	박규민 (19곳)	2020년 1월 13일
681	진주집	Pera (251곳)	2020년 1월 13일
682	진주집	saunaorca (28곳)	2020년 1월 12일
683	진주집	재요밍 (5곳)	2020년 1월 12일
684	진주집	송지창 (13곳)	2020년 1월 12일
685	진주집	도뭉이 (164곳)	2020년 1월 12일
686	진주집	민우 (337곳)	2020년 1월 7일
687	진주집	디에고 (153곳)	2020년 1월 7일
688	진주집	전일기획 (329곳)	2020년 1월 6일
689	진주집	김유자 (138곳)	2020년 1월 6일
690	진주집	박성관 (35곳)	2020년 1월 5일
691	진주집	민승기 (395곳)	2020년 1월 5일
692	진주집	OlympicPark (416곳)	2020년 1월 5일
693	진주집	윤지은 (210곳)	2020년 1월 5일
694	진주집	캠포트리 (1596곳)	2020년 1월 4일
695	진주집	유병혁 (1곳)	2020년 1월 4일
696	진주집	Jaeheung Yang (253곳)	2020년 1월 4일
697	진주집	정민선 (32곳)	2020년 1월 3일
698	진주집	이상훈 (15곳)	2020년 1월 3일
699	진주집	진영운 (77곳)	2020년 1월 3일
700	진주집	Jong-Ahn Kang (258곳)	2020년 1월 3일
701	진주집	곰유진 (77곳)	2020년 1월 2일
702	진주집	송인범 (19곳)	2020년 1월 2일
703	진주집	김진희 (2곳)	2020년 1월 1일
704	진주집	Junhwa Lee (19곳)	2020년 1월 1일
705	진주집	소니소니 (59곳)	2019년 12월 31일
706	진주집	익키백과 (685곳)	2019년 12월 31일
707	진주집	navihigh (70곳)	2019년 12월 31일
708	진주집	김영건 (15곳)	2019년 12월 30일
709	진주집	티라미수케익 (14곳)	2019년 12월 30일
710	진주집	뤼삼 (798곳)	2019년 12월 29일
711	진주집	Wonjai Choi (83곳)	2019년 12월 29일
712	진주집	diny97 (51곳)	2019년 12월 29일
713	진주집	GGY (1315곳)	2019년 12월 29일
714	진주집	조민채 (23곳)	2019년 12월 28일
715	진주집	최지수 (375곳)	2019년 12월 28일
716	진주집	산토끼 (47곳)	2019년 12월 28일
717	진주집	Kyo Eun Koo (58곳)	2019년 12월 28일
718	진주집	badgirl (102곳)	2019년 12월 27일
719	진주집	윤여창 (85곳)	2019년 12월 27일
720	진주집	혀니 (107곳)	2019년 12월 26일
721	진주집	몽상귤 (36곳)	2019년 12월 26일
722	진주집	Kyung Eun Yeo (100곳)	2019년 12월 26일
723	진주집	한사무 (56곳)	2019년 12월 26일
724	진주집	임영석 (100곳)	2019년 12월 25일
725	진주집	스고이~ (142곳)	2019년 12월 25일
726	진주집	Justin Kim (440곳)	2019년 12월 25일
727	진주집	miwra (2068곳)	2019년 12월 25일
728	진주집	Eugene Eugene (131곳)	2019년 12월 25일
729	진주집	정종원 (35곳)	2019년 12월 25일
730	진주집	김용혁 (20곳)	2019년 12월 25일
731	진주집	방구똥꾸 (134곳)	2019년 12월 25일
732	진주집	변유석 (8곳)	2019년 12월 25일
733	진주집	물푸레나뭇잎 (384곳)	2019년 12월 24일
734	진주집	Tae June Moon (75곳)	2019년 12월 21일
735	진주집	Sung Mo Jung (24곳)	2019년 12월 14일
736	진주집	겔륵 (72곳)	2019년 12월 13일
737	진주집	이지수 (138곳)	2019년 11월 26일
738	진주집	대뽕 (302곳)	2019년 11월 26일
739	진주집	IckHwan Kim (575곳)	2019년 11월 22일
740	진주집	domo (598곳)	2019년 11월 21일
741	진주집	Jikyeong Miguel Jang (58곳)	2019년 11월 13일
742	진주집	스낵 (22곳)	2019년 11월 13일
743	진주집	HyeongCheol Kim (10곳)	2019년 11월 10일
744	진주집	소로 (67곳)	2019년 11월 10일
745	진주집	전상익 (1760곳)	2019년 11월 8일
746	진주집	busted708 (1314곳)	2019년 10월 24일
747	진주집	son (5곳)	2019년 10월 13일
748	진주집	thehyan (4곳)	2019년 9월 30일
749	진주집	박성근 (123곳)	2019년 9월 20일
750	진주집	정재훈 (285곳)	2019년 9월 14일
751	진주집	박준영 (13곳)	2019년 9월 8일
752	진주집	꼬마달빛 (41곳)	2019년 9월 8일
753	진주집	주프로 (1곳)	2019년 9월 8일
754	진주집	쉐키럽 (245곳)	2019년 9월 7일
755	진주집	한성민 (480곳)	2019년 9월 5일
756	진주집	Happy Smile (302곳)	2019년 9월 5일
757	진주집	크릉 (441곳)	2019년 8월 31일
758	진주집	Hyojung Lee (6곳)	2019년 8월 28일
759	진주집	조박사님 (9곳)	2019년 8월 23일
760	진주집	김수현 (6곳)	2019년 8월 14일
761	진주집	에비비 (37곳)	2019년 8월 5일
762	진주집	하하해헤헤 (74곳)	2019년 8월 3일
763	진주집	Wankyu Lee (206곳)	2019년 8월 3일
764	진주집	재원강 (103곳)	2019년 8월 3일
765	진주집	JORNAH (43곳)	2019년 8월 2일
766	진주집	onis (1590곳)	2019년 8월 1일
767	진주집	케이 (67곳)	2019년 7월 31일
768	진주집	안주희 (61곳)	2019년 7월 30일
769	진주집	JK_190629 (2곳)	2019년 7월 23일
770	진주집	Sophia (197곳)	2019년 7월 19일
771	진주집	찐찐 (555곳)	2019년 7월 18일
772	진주집	김한준 (52곳)	2019년 7월 17일
773	진주집	Heejoon Kim (76곳)	2019년 7월 16일
774	진주집	누엔도 (8곳)	2019년 7월 15일
775	진주집	심민규 (9곳)	2019년 7월 14일
776	진주집	Angela (31곳)	2019년 7월 12일
777	진주집	Me (397곳)	2019년 7월 11일
778	진주집	신보언 (11곳)	2019년 7월 7일
779	진주집	필드만다섯번 (9곳)	2019년 7월 6일
780	진주집	ㅇㅁ (189곳)	2019년 7월 3일
781	진주집	Younghwa Rita Lim (27곳)	2019년 7월 1일
782	진주집	유월 (21곳)	2019년 6월 27일
783	진주집	현무 (377곳)	2019년 6월 23일
784	진주집	kyunghee (26곳)	2019년 6월 22일
785	진주집	Gyul Kyle Han (44곳)	2019년 6월 22일
786	진주집	jnggly (27곳)	2019년 6월 17일
787	진주집	만두는널버리지않아 (38곳)	2019년 6월 17일
788	진주집	Tennipri (1곳)	2019년 6월 16일
789	진주집	퍼니펀 (8곳)	2019년 6월 12일
790	진주집	김예진 (25곳)	2019년 6월 11일
791	진주집	Angie Kyueun Han (2곳)	2019년 6월 6일
792	진주집	sunny (61곳)	2019년 6월 5일
793	진주집	Jae Hyun Lee (298곳)	2019년 6월 4일
794	진주집	진진 (48곳)	2019년 6월 3일
795	진주집	임종국 (8곳)	2019년 5월 31일
796	진주집	돌풍 (23곳)	2019년 5월 31일
797	진주집	Park Hanki (472곳)	2019년 5월 29일
798	진주집	IV (171곳)	2019년 5월 25일
799	진주집	멍토리 (50곳)	2019년 5월 24일
800	진주집	Yongtae Kim (180곳)	2019년 5월 20일
801	진주집	Yongchul Song (143곳)	2019년 5월 18일
802	진주집	심기용 (31곳)	2019년 5월 17일
803	진주집	박지홍 (315곳)	2019년 5월 15일
804	진주집	리솽 (30곳)	2019년 5월 12일
805	진주집	전경환 (46곳)	2019년 5월 8일
806	진주집	내방에방울토마토 (17곳)	2019년 5월 8일
807	진주집	Hyun Jee (799곳)	2019년 5월 2일
808	진주집	이도헌 (56곳)	2019년 4월 22일
809	진주집	Daniel (4곳)	2019년 4월 15일
810	진주집	추현진 (228곳)	2019년 4월 14일
811	진주집	Kyoungsu Park (269곳)	2019년 4월 10일
812	진주집	arim (665곳)	2019년 4월 10일
813	진주집	AJAn (707곳)	2019년 4월 9일
814	진주집	크크크류 (5곳)	2019년 4월 9일
815	진주집	Hyojung Kwon (32곳)	2019년 4월 7일
816	진주집	촨동 (138곳)	2019년 4월 5일
817	진주집	최기송 (28곳)	2019년 3월 31일
818	진주집	이 상돈 (458곳)	2019년 3월 31일
819	진주집	Changhun Song (383곳)	2019년 3월 27일
820	진주집	yhkim (224곳)	2019년 3월 27일
821	진주집	Erik Sim (44곳)	2019년 3월 21일
822	진주집	GC Yang (68곳)	2019년 3월 17일
823	진주집	Pauli Cho (73곳)	2019년 3월 17일
824	진주집	Seenae Yoo (40곳)	2019년 3월 17일
825	진주집	오은석 (65곳)	2019년 3월 10일
826	진주집	malee (12곳)	2019년 3월 7일
827	진주집	다룽 (446곳)	2019년 3월 3일
828	진주집	Daejong Kim (51곳)	2019년 3월 2일
829	진주집	하트상추 (316곳)	2019년 2월 27일
830	진주집	무용가리 (305곳)	2019년 2월 24일
831	진주집	루카 (7곳)	2019년 2월 23일
832	진주집	Ju Hong Park (9곳)	2019년 2월 19일
833	진주집	Hyundong Yoon (96곳)	2019년 2월 6일
834	진주집	SSando (224곳)	2019년 1월 24일
835	진주집	표블리 (256곳)	2019년 1월 13일
836	진주집	윤형기 (22곳)	2019년 1월 8일
837	진주집	Jin (29곳)	2019년 1월 2일
838	진주집	Hyeonju Lee (67곳)	2019년 1월 2일
839	진주집	Yishu Gao (26곳)	2018년 12월 30일
840	진주집	주민지 (64곳)	2018년 12월 23일
841	진주집	바리데기 (176곳)	2018년 12월 23일
842	진주집	picnic (24곳)	2018년 12월 22일
843	진주집	Park ChangJu (9곳)	2018년 12월 21일
844	진주집	Ingyu Kim (66곳)	2018년 12월 9일
845	진주집	임창대 (434곳)	2018년 12월 3일
846	진주집	Jang Hyunsoo (91곳)	2018년 12월 3일
847	진주집	김병주 (5곳)	2018년 11월 16일
848	진주집	이선정 (57곳)	2018년 11월 12일
849	진주집	uria (413곳)	2018년 11월 11일
850	진주집	nova11 (266곳)	2018년 11월 11일
851	진주집	박영은 (171곳)	2018년 11월 9일
852	진주집	heypark1 (8곳)	2018년 11월 5일
853	진주집	papi (22곳)	2018년 10월 29일
854	진주집	Young Cheol Lee (249곳)	2018년 10월 28일
855	진주집	andsobut (76곳)	2018년 10월 28일
856	진주집	영이 (2곳)	2018년 10월 19일
857	진주집	콘소메 (294곳)	2018년 10월 18일
858	진주집	설뮤즈 (90곳)	2018년 10월 17일
859	진주집	구자원 (48곳)	2018년 10월 11일
860	진주집	동동 (11곳)	2018년 10월 10일
861	진주집	이빛나 (6곳)	2018년 10월 8일
862	진주집	신분당 (122곳)	2018년 10월 7일
863	진주집	SOSOPA (8417곳)	2018년 10월 3일
864	진주집	손광식 (77곳)	2018년 9월 30일
865	진주집	wd (108곳)	2018년 9월 29일
866	진주집	고테츠 (14곳)	2018년 9월 25일
867	진주집	coco (37곳)	2018년 9월 25일
868	진주집	金世永 (119곳)	2018년 9월 9일
869	진주집	박찬석 (91곳)	2018년 9월 2일
870	진주집	안혜진 (2곳)	2018년 8월 28일
871	진주집	jollina (29곳)	2018년 8월 23일
872	진주집	Sojin Hwang (19곳)	2018년 8월 18일
873	진주집	Daeseong Shin (21곳)	2018년 8월 18일
874	진주집	예미니스트 (59곳)	2018년 8월 15일
875	진주집	로맨틱병자 (44곳)	2018년 8월 13일
876	진주집	Haeyoon Do (215곳)	2018년 8월 12일
877	진주집	jinsikoh (5곳)	2018년 8월 11일
878	진주집	Seokin Choi (232곳)	2018년 8월 10일
879	진주집	HASHBROWN (339곳)	2018년 8월 10일
880	진주집	쿠우 (9곳)	2018년 8월 10일
881	진주집	qqqqls (11곳)	2018년 8월 5일
882	진주집	Wonjong Kang (27곳)	2018년 8월 4일
883	진주집	csh (8곳)	2018년 8월 3일
884	진주집	Woo-hyuk Kwak (17곳)	2018년 7월 31일
885	진주집	Alex Soohee Han (91곳)	2018년 7월 29일
886	진주집	쓰렉 (61곳)	2018년 7월 29일
887	진주집	쫑쫑쫑 (23곳)	2018년 7월 28일
888	진주집	nampyon92 (299곳)	2018년 7월 28일
889	진주집	Hyorin Chang (103곳)	2018년 7월 21일
890	진주집	louisejkim (78곳)	2018년 7월 19일
891	진주집	Hyunho Seol (111곳)	2018년 7월 18일
892	진주집	k021511k (41곳)	2018년 7월 16일
893	진주집	RJ (935곳)	2018년 7월 15일
894	진주집	유병창 (73곳)	2018년 7월 14일
895	진주집	유찡이 (10곳)	2018년 7월 11일
896	진주집	어니 (7곳)	2018년 7월 9일
897	진주집	편희제 (295곳)	2018년 7월 8일
898	진주집	JOY (114곳)	2018년 7월 8일
899	진주집	aprilnoh (17곳)	2018년 7월 8일
900	진주집	햄도리 (15곳)	2018년 7월 7일
901	진주집	이시은 (32곳)	2018년 7월 7일
902	진주집	Hee Chul Eum (323곳)	2018년 7월 6일
903	진주집	Yong Bae Kim (5곳)	2018년 7월 5일
904	진주집	gogogogo (417곳)	2018년 7월 3일
905	진주집	임 현주 (208곳)	2018년 7월 3일
906	진주집	hy (15곳)	2018년 6월 28일
907	진주집	Cheolhyun Yoo (10곳)	2018년 6월 26일
908	진주집	Bok Yeon Hwang (102곳)	2018년 6월 26일
909	진주집	ksc (4곳)	2018년 6월 26일
910	진주집	남규호 (36곳)	2018년 6월 24일
911	진주집	하삼일 (2곳)	2018년 6월 23일
912	진주집	Marc J Lee (9곳)	2018년 6월 22일
913	진주집	eD (42곳)	2018년 6월 21일
914	진주집	malangv (59곳)	2018년 6월 18일
915	진주집	vigi11 (4곳)	2018년 6월 17일
916	진주집	윤성일 (7곳)	2018년 6월 16일
917	진주집	배용성 (1곳)	2018년 6월 15일
918	진주집	Seong Kook Cho (7곳)	2018년 6월 10일
919	진주집	이형준 (118곳)	2018년 6월 10일
920	진주집	도끼맨 (684곳)	2018년 6월 6일
921	진주집	josh (249곳)	2018년 6월 2일
922	진주집	구자 (34곳)	2018년 5월 31일
923	진주집	Jeongmin Lee (409곳)	2018년 5월 27일
924	진주집	Jjkha (143곳)	2018년 5월 26일
925	진주집	역마는달린다 (7곳)	2018년 5월 24일
926	진주집	Goeun Hong (60곳)	2018년 5월 21일
927	진주집	이재원 (400곳)	2018년 5월 21일
928	진주집	hellooo (49곳)	2018년 5월 19일
929	진주집	알루 (191곳)	2018년 5월 18일
930	진주집	Andrew C. Park (15곳)	2018년 5월 17일
931	진주집	팔방소년 (49곳)	2018년 5월 15일
932	진주집	rurumin (623곳)	2018년 5월 15일
933	진주집	Mi Seon Lee (446곳)	2018년 5월 11일
934	진주집	쭈우운 (340곳)	2018년 5월 10일
935	진주집	소울콩 (319곳)	2018년 5월 10일
936	진주집	은 ☆끝☆☆다시가?★맛! (428곳)	2018년 5월 9일
937	진주집	HaeJun Lee (136곳)	2018년 5월 6일
938	진주집	d (234곳)	2018년 4월 30일
939	진주집	AhReum Baek (221곳)	2018년 4월 30일
940	진주집	Heayeon Park (268곳)	2018년 4월 23일
941	진주집	정혜진 (50곳)	2018년 4월 22일
942	진주집	GENIE (401곳)	2018년 4월 18일
943	진주집	퐁퐁 (523곳)	2018년 4월 18일
944	진주집	piglet (43곳)	2018년 4월 18일
945	진주집	young (2곳)	2018년 4월 14일
946	진주집	문문 (212곳)	2018년 4월 12일
947	진주집	vio48357 (75곳)	2018년 4월 7일
948	진주집	Joo Yeun Ahn (26곳)	2018년 4월 5일
949	진주집	gagwo (76곳)	2018년 3월 24일
950	진주집	Seok Woo Jang (160곳)	2018년 3월 24일
951	진주집	치치아빠 (328곳)	2018년 3월 24일
952	진주집	Peter Jackson (22곳)	2018년 3월 24일
953	진주집	so young (1곳)	2018년 3월 23일
954	진주집	초초초초초 (11곳)	2018년 3월 23일
955	진주집	SD (107곳)	2018년 3월 18일
956	진주집	궈네슈 (15곳)	2018년 3월 17일
957	진주집	고형주 (235곳)	2018년 3월 13일
958	진주집	dhha (16곳)	2018년 3월 11일
959	진주집	Leo Shin (621곳)	2018년 3월 6일
960	진주집	쫑은 (21곳)	2018년 3월 5일
961	진주집	민조미 (23곳)	2018년 3월 2일
962	진주집	Kenny Go (67곳)	2018년 3월 1일
963	진주집	DASIT (4010곳)	2018년 3월 1일
964	진주집	안태형 (3곳)	2018년 2월 28일
965	진주집	ㅈㅋㅇ (2451곳)	2018년 2월 26일
966	진주집	jung jaeho (134곳)	2018년 2월 24일
967	진주집	아리양 (1곳)	2018년 2월 20일
968	진주집	OWATARI MISAKI (82곳)	2018년 2월 12일
969	진주집	김중현 (92곳)	2018년 2월 10일
970	진주집	Wall Beck (24곳)	2018년 2월 10일
971	진주집	몽땅머거다머거 (75곳)	2018년 1월 31일
972	진주집	amourjy (84곳)	2018년 1월 30일
973	진주집	어니언 (52곳)	2018년 1월 29일
974	진주집	Hwahyun Ryu (620곳)	2018년 1월 28일
975	진주집	SEUL (3155곳)	2018년 1월 26일
976	진주집	Taek Ham Oh (100곳)	2018년 1월 19일
977	진주집	Soohyun Cha (459곳)	2018년 1월 14일
978	진주집	섭서빙 (7곳)	2018년 1월 13일
979	진주집	Bumsun Han (565곳)	2018년 1월 8일
980	진주집	skc0125 (109곳)	2018년 1월 8일
981	진주집	정혁준 (23곳)	2018년 1월 3일
982	진주집	꾸야 (37곳)	2018년 1월 2일
983	진주집	Tae Hyean Yang (19곳)	2018년 1월 2일
984	진주집	제임스퐝 (410곳)	2018년 1월 1일
985	진주집	뿅뿅 (24곳)	2017년 12월 31일
986	진주집	정운호 (10곳)	2017년 12월 29일
987	진주집	Hyunpyo Lee (447곳)	2017년 12월 23일
988	진주집	nbahk (568곳)	2017년 12월 19일
989	진주집	skyzoo (881곳)	2017년 12월 10일
990	진주집	김은환 (956곳)	2017년 12월 9일
991	진주집	혠 (225곳)	2017년 12월 5일
992	진주집	강민경 (51곳)	2017년 12월 4일
993	진주집	SungHye Chin (210곳)	2017년 12월 1일
994	진주집	뚜루루 (59곳)	2017년 11월 25일
995	진주집	yeearan (819곳)	2017년 11월 18일
996	진주집	소크라테스 (5곳)	2017년 11월 15일
997	진주집	잠자는개구리 (23곳)	2017년 11월 11일
998	진주집	dada (12곳)	2017년 11월 1일
999	진주집	안상욱 (48곳)	2017년 10월 29일
1000	진주집	Jina Lee (376곳)	2017년 10월 26일
1001	진주집	mangotap (61곳)	2017년 10월 24일
1002	진주집	jaystar (30곳)	2017년 10월 23일
1003	진주집	Minjeong Jeong (720곳)	2017년 10월 18일
1004	진주집	June (24곳)	2017년 10월 15일
1005	진주집	먹방귀신 (24곳)	2017년 10월 14일
1006	진주집	Sang Hyeon Lee (298곳)	2017년 10월 13일
1007	진주집	우이꼬 (94곳)	2017년 10월 12일
1008	진주집	윤설 (82곳)	2017년 10월 9일
1009	진주집	Minju Kim (105곳)	2017년 10월 9일
1010	진주집	배부르 (28곳)	2017년 9월 28일
1011	진주집	Hyunil Henry Kim (17곳)	2017년 9월 27일
1012	진주집	Jaeyoung Jung (4곳)	2017년 9월 25일
1013	진주집	이우희 (4곳)	2017년 9월 12일
1014	진주집	Eunjung Pakchoi (45곳)	2017년 9월 12일
1015	진주집	Subin Kim (393곳)	2017년 9월 10일
1016	진주집	Trade Mark (174곳)	2017년 9월 10일
1017	진주집	sidehead (69곳)	2017년 8월 30일
1018	진주집	dongwoon (3곳)	2017년 8월 29일
1019	진주집	Jaewon Ma (118곳)	2017년 8월 26일
1020	진주집	Steven Yu (44곳)	2017년 8월 23일
1021	진주집	Suji Kim (160곳)	2017년 8월 14일
1022	진주집	지이잉 (197곳)	2017년 8월 13일
1023	진주집	이상헌 (77곳)	2017년 8월 12일
1024	진주집	David Kim (58곳)	2017년 8월 8일
1025	진주집	Narae Kim (25곳)	2017년 8월 7일
1026	진주집	whitenut (1곳)	2017년 8월 6일
1027	진주집	정상구 (1547곳)	2017년 8월 5일
1028	진주집	Lee YoonHyeng (70곳)	2017년 7월 27일
1029	진주집	limbo (25곳)	2017년 7월 26일
1030	진주집	Kim Shik (482곳)	2017년 7월 23일
1031	진주집	doroc (400곳)	2017년 7월 23일
1032	진주집	빡꾸고고고 (64곳)	2017년 7월 20일
1033	진주집	sirra (7곳)	2017년 7월 19일
1034	진주집	doosik71 (101곳)	2017년 7월 19일
1035	진주집	도미넌트사이드 (149곳)	2017년 7월 15일
1036	진주집	Hyosik Lim (219곳)	2017년 7월 13일
1037	진주집	HyunCheol Keum (140곳)	2017년 7월 11일
1038	진주집	최백반 (93곳)	2017년 7월 10일
1039	진주집	dew (236곳)	2017년 7월 7일
1040	진주집	이지연 (37곳)	2017년 7월 5일
1041	진주집	아다 (41곳)	2017년 7월 2일
1042	진주집	Sujin Kim (345곳)	2017년 7월 1일
1043	진주집	다찌마와리 (116곳)	2017년 6월 28일
1044	진주집	풍운아 (14곳)	2017년 6월 26일
1045	진주집	안규현 (33곳)	2017년 6월 25일
1046	진주집	Edwin (51곳)	2017년 6월 24일
1047	진주집	박수진 (12곳)	2017년 6월 22일
1048	진주집	J (16곳)	2017년 6월 17일
1049	진주집	flyingpen (279곳)	2017년 6월 13일
1050	진주집	김홍국 (185곳)	2017년 6월 5일
1051	진주집	Sekjun Lee (4곳)	2017년 6월 4일
1052	진주집	JiHye Kim (33곳)	2017년 6월 1일
1053	진주집	규리 (77곳)	2017년 5월 29일
1054	진주집	히로 (34곳)	2017년 5월 28일
1055	진주집	Je-Yoon Seo (2곳)	2017년 5월 25일
1056	진주집	조승현 (11곳)	2017년 5월 25일
1057	진주집	주블리 (37곳)	2017년 5월 24일
1058	진주집	심정 (47곳)	2017년 5월 23일
1059	진주집	Jin Yoon (320곳)	2017년 5월 22일
1060	진주집	김세중 (159곳)	2017년 5월 18일
1061	진주집	Yeon Joo Kim (63곳)	2017년 5월 13일
1062	진주집	쥬스톤 (31곳)	2017년 5월 10일
1063	진주집	Sungin Cho (54곳)	2017년 5월 5일
1064	진주집	Yong Jin Lee (12곳)	2017년 5월 4일
1065	진주집	Woo Seok Jung (113곳)	2017년 5월 2일
1066	진주집	이한얼 (2곳)	2017년 5월 2일
1067	진주집	햄 (199곳)	2017년 4월 21일
1068	진주집	김동식 (394곳)	2017년 4월 18일
1069	진주집	슈호프 (60곳)	2017년 4월 16일
1070	진주집	백상우 (631곳)	2017년 4월 15일
1071	진주집	ah (23곳)	2017년 4월 15일
1072	진주집	천동재 (136곳)	2017년 4월 14일
1073	진주집	우기스 (33곳)	2017년 4월 14일
1074	진주집	JM HA (78곳)	2017년 4월 9일
1075	진주집	Hansu Ryu (129곳)	2017년 4월 8일
1076	진주집	박진감 (11곳)	2017년 4월 8일
1077	진주집	어수헌 (15곳)	2017년 4월 8일
1078	진주집	박근영 (11곳)	2017년 4월 4일
1079	진주집	도정현 (27곳)	2017년 4월 1일
1080	진주집	Kim Guseul (19곳)	2017년 4월 1일
1081	진주집	Miae Chu (34곳)	2017년 3월 31일
1082	진주집	kimna_0228 (55곳)	2017년 3월 29일
1083	진주집	노란통 (115곳)	2017년 3월 28일
1084	진주집	Juhyun Yoon (113곳)	2017년 3월 25일
1085	진주집	Neo Peter Park (106곳)	2017년 3월 24일
1086	진주집	민호 (218곳)	2017년 3월 24일
1087	진주집	일로와 (12곳)	2017년 3월 21일
1088	진주집	YoungHun Park (3곳)	2017년 3월 19일
1089	진주집	Tory Seo (7곳)	2017년 3월 18일
1090	진주집	천승현 (30곳)	2017년 3월 13일
1091	진주집	김수민 (124곳)	2017년 3월 7일
1092	진주집	ssom (165곳)	2017년 3월 5일
1093	진주집	You-joon Hong (73곳)	2017년 3월 1일
1094	진주집	lattn (3곳)	2017년 2월 28일
1095	진주집	Lee Sora (69곳)	2017년 2월 24일
1096	진주집	Ill-Geun Lee (1곳)	2017년 2월 20일
1097	진주집	Maro Cheon (19곳)	2017년 2월 17일
1098	진주집	ㅋㅋ (66곳)	2017년 2월 16일
1099	진주집	dongyeon (41곳)	2017년 2월 15일
1100	진주집	kim (6곳)	2017년 2월 15일
1101	진주집	이성민 (157곳)	2017년 2월 14일
1102	진주집	김재환 (3500곳)	2017년 2월 11일
1103	진주집	Yoonpyo Hong (8곳)	2017년 2월 11일
1104	진주집	김주일 (234곳)	2017년 2월 5일
1105	진주집	박재원 (152곳)	2017년 2월 5일
1106	진주집	jo (99곳)	2017년 2월 5일
1107	진주집	Younghwan Yoo (201곳)	2017년 1월 31일
1108	진주집	나우진 (103곳)	2017년 1월 31일
1109	진주집	홍성구 (509곳)	2017년 1월 30일
1110	진주집	수호천사맘 (894곳)	2017년 1월 28일
1111	진주집	Yonghan Lee (229곳)	2017년 1월 25일
1112	진주집	사자길들이기 (197곳)	2017년 1월 23일
1113	진주집	류영민 (14곳)	2017년 1월 23일
1114	진주집	채플린 (129곳)	2017년 1월 22일
1115	진주집	ksh (81곳)	2017년 1월 22일
1116	진주집	Hak H Lee (241곳)	2017년 1월 21일
1117	진주집	시바 (139곳)	2017년 1월 18일
1118	진주집	이춘림 (2곳)	2017년 1월 17일
1119	진주집	신예정 (23곳)	2017년 1월 17일
1120	진주집	Taesup Lee (1224곳)	2017년 1월 14일
1121	진주집	Patrick Kim (38곳)	2017년 1월 13일
1122	진주집	하재 (74곳)	2017년 1월 13일
1123	진주집	Changho Ha (706곳)	2017년 1월 7일
1124	진주집	chie (15곳)	2017년 1월 5일
1125	진주집	차재성 (6곳)	2017년 1월 3일
1126	진주집	Jeong Min Lee (267곳)	2016년 12월 30일
1127	진주집	박혜진 (152곳)	2016년 12월 28일
1128	진주집	강봉수 (3곳)	2016년 12월 25일
1129	진주집	Kim Youngeun (32곳)	2016년 12월 24일
1130	진주집	abcd1234 (327곳)	2016년 12월 21일
1131	진주집	이효주 (44곳)	2016년 12월 17일
1132	진주집	션이 (59곳)	2016년 12월 15일
1133	진주집	강현 (4곳)	2016년 12월 14일
1134	진주집	쿱하 (40곳)	2016년 12월 9일
1135	진주집	마히나 (320곳)	2016년 12월 9일
1136	진주집	임종성 (54곳)	2016년 12월 9일
1137	진주집	Dong Yeon Kim (6곳)	2016년 12월 8일
1138	진주집	김혜림 (2곳)	2016년 12월 6일
1139	진주집	박한별 (51곳)	2016년 12월 3일
1140	진주집	사곽사곽 (47곳)	2016년 12월 2일
1141	진주집	Dongman Na (78곳)	2016년 11월 29일
1142	진주집	김현지 (31곳)	2016년 11월 26일
1143	진주집	달달곰 (166곳)	2016년 11월 26일
1144	진주집	철이 (28곳)	2016년 11월 24일
1145	진주집	이창우 (20곳)	2016년 11월 19일
1146	진주집	권양구 (849곳)	2016년 11월 15일
1147	진주집	초딩입맛 (183곳)	2016년 11월 15일
1148	진주집	steve (1575곳)	2016년 11월 15일
1149	진주집	rara (439곳)	2016년 11월 12일
1150	진주집	Taehee Kim (18곳)	2016년 11월 7일
1151	진주집	장주희 (4곳)	2016년 11월 6일
1152	진주집	soo (7곳)	2016년 11월 5일
1153	진주집	알라 (1631곳)	2016년 11월 4일
1154	진주집	YoDK (2곳)	2016년 10월 31일
1155	진주집	애슐리 (111곳)	2016년 10월 31일
1156	진주집	Jihyun Kim (21곳)	2016년 10월 30일
1157	진주집	Debbie Lee (23곳)	2016년 10월 29일
1158	진주집	Young Chan Jang (19곳)	2016년 10월 27일
1159	진주집	젤링젤링 (118곳)	2016년 10월 24일
1160	진주집	강 예슬 (14곳)	2016년 10월 22일
1161	진주집	김수범 (2곳)	2016년 10월 21일
1162	진주집	성마리 (34곳)	2016년 10월 21일
1163	진주집	동동동 (90곳)	2016년 10월 21일
1164	진주집	qpal (6곳)	2016년 10월 20일
1165	진주집	급우급우 (5곳)	2016년 10월 19일
1166	진주집	쥬효 (8곳)	2016년 10월 19일
1167	진주집	Soyoung Shin (32곳)	2016년 10월 18일
1168	진주집	Woo Seong Jang (7곳)	2016년 10월 9일
1169	진주집	쿠르르릉 (38곳)	2016년 10월 9일
1170	진주집	몽글이 (6곳)	2016년 10월 8일
1171	진주집	Min Okhee (2773곳)	2016년 10월 7일
1172	진주집	조성균 (20곳)	2016년 10월 5일
1173	진주집	Kookjae Kim (11곳)	2016년 10월 5일
1174	진주집	rachel (52곳)	2016년 10월 5일
1175	진주집	서보헌 (79곳)	2016년 10월 4일
1176	진주집	박진경 (1곳)	2016년 10월 3일
1177	진주집	Dong Ho Yoo (368곳)	2016년 10월 3일
1178	진주집	신영천 (27곳)	2016년 10월 2일
1179	진주집	Amanda Guin (130곳)	2016년 10월 1일
1180	진주집	Jaejune Kim (2곳)	2016년 10월 1일
1181	진주집	임새롬 (138곳)	2016년 9월 29일
1182	진주집	김민관 (25곳)	2016년 9월 28일
1183	진주집	건이3 (31곳)	2016년 9월 26일
1184	진주집	임지혜 (81곳)	2016년 9월 22일
1185	진주집	Jo Joonhyong (24곳)	2016년 9월 18일
1186	진주집	vvvvvvvv (166곳)	2016년 9월 17일
1187	진주집	Woo Ju Kim (21곳)	2016년 9월 16일
1188	진주집	Youngki Kim (91곳)	2016년 9월 16일
1189	진주집	남효진 (24곳)	2016년 9월 16일
1190	진주집	백필웅 (1곳)	2016년 9월 15일
1191	진주집	pdj (668곳)	2016년 9월 14일
1192	진주집	Kim Se Mi (5곳)	2016년 9월 14일
1193	진주집	Hoyoung Jung (32곳)	2016년 9월 13일
1194	진주집	Young Jae Lee (16곳)	2016년 9월 13일
1195	진주집	권유리 (48곳)	2016년 9월 12일
1196	진주집	방국빈 (33곳)	2016년 9월 12일
1197	진주집	Jin-Bong Michael Ha (1곳)	2016년 9월 10일
1198	진주집	Seo Sung Duk (21곳)	2016년 9월 10일
1199	진주집	Yoon (67곳)	2016년 9월 9일
1200	진주집	정택규 (20곳)	2016년 9월 8일
1201	진주집	사개리 (142곳)	2016년 9월 6일
1202	진주집	임수현 (38곳)	2016년 9월 4일
1203	진주집	JH PARK (54곳)	2016년 9월 3일
1204	진주집	윤설희 (74곳)	2016년 9월 3일
1205	진주집	Alma Lee (28곳)	2016년 9월 1일
1206	진주집	Sanghyun Kim (62곳)	2016년 8월 30일
1207	진주집	Lara (74곳)	2016년 8월 25일
1208	진주집	Moran Yi (75곳)	2016년 8월 25일
1209	진주집	폼생폼사 (15곳)	2016년 8월 22일
1210	진주집	Sunkyu Woo (8곳)	2016년 8월 21일
1211	진주집	Min Woo Kim (4곳)	2016년 8월 19일
1212	진주집	이진아 (10곳)	2016년 8월 18일
1213	진주집	이영애 (49곳)	2016년 8월 18일
1214	진주집	구본석 (60곳)	2016년 8월 18일
1215	진주집	Jang Myung-gyoon (40곳)	2016년 8월 14일
1216	진주집	최희정 (7곳)	2016년 8월 13일
1217	진주집	Hyangmi Yun (7곳)	2016년 8월 11일
1218	진주집	여유박 (4527곳)	2016년 8월 8일
1219	진주집	조수아 (10곳)	2016년 8월 6일
1220	진주집	Gwang Il Park (10곳)	2016년 8월 6일
1221	진주집	Sungin Cho (146곳)	2016년 8월 6일
1222	진주집	Jini Kwon (222곳)	2016년 8월 6일
1223	진주집	HyunS (4곳)	2016년 8월 6일
1224	진주집	김은영 (7곳)	2016년 8월 5일
1225	진주집	홍이 (68곳)	2016년 8월 1일
1226	진주집	Kyle Na (90곳)	2016년 8월 1일
1227	진주집	Jaesoon Kim (12곳)	2016년 7월 29일
1228	진주집	Hyunkyung Roh (7곳)	2016년 7월 25일
1229	진주집	시아7 (2곳)	2016년 7월 24일
1230	진주집	Sungmin Jee (200곳)	2016년 7월 23일
1231	진주집	쭈니아빠 (25곳)	2016년 7월 14일
1232	진주집	Cho Yong Hun (1곳)	2016년 7월 11일
1233	진주집	솜사탕 (149곳)	2016년 7월 9일
1234	진주집	레오엄빠 (15곳)	2016년 7월 8일
1235	진주집	Joe Sung (101곳)	2016년 7월 7일
1236	진주집	Hwan Lee (7곳)	2016년 7월 7일
1237	진주집	chemeni (67곳)	2016년 7월 7일
1238	진주집	조아라 (455곳)	2016년 7월 6일
1239	진주집	Hong-Kyeong Lee (22곳)	2016년 7월 6일
1240	진주집	이은경 (38곳)	2016년 7월 5일
1241	진주집	Chaewon Jeff Lee (129곳)	2016년 7월 4일
1242	진주집	Junny Bear (91곳)	2016년 7월 4일
1243	진주집	Ho-jung Byeon (8곳)	2016년 7월 2일
1244	진주집	김진우 (2곳)	2016년 7월 1일
1245	진주집	알맹이 (5곳)	2016년 6월 29일
1246	진주집	Yeeun Jang (5곳)	2016년 6월 28일
1247	진주집	프러드 (6곳)	2016년 6월 26일
1248	진주집	Yujin Lee (61곳)	2016년 6월 25일
1249	진주집	서울아저씨 (2곳)	2016년 6월 18일
1250	진주집	Hyun-Sik Yang (185곳)	2016년 6월 18일
1251	진주집	김연주 (8곳)	2016년 6월 12일
1252	진주집	이지윤 (352곳)	2016년 6월 12일
1253	진주집	잠탱이아빠 (2곳)	2016년 6월 9일
1254	진주집	Won Seok Han (1곳)	2016년 6월 8일
1255	진주집	김현미 (7곳)	2016년 6월 6일
1256	진주집	Wonjoon Lee (59곳)	2016년 6월 5일
1257	진주집	Jaemin Woo (2곳)	2016년 6월 4일
1258	진주집	Hyunsung Cho (7곳)	2016년 6월 3일
1259	진주집	이경영 (19곳)	2016년 5월 27일
1260	진주집	Sumin Lim (6곳)	2016년 5월 25일
1261	진주집	Eunseo Kim (8곳)	2016년 5월 22일
1262	진주집	윤정한 (62곳)	2016년 5월 21일
1263	진주집	차윤기 (3곳)	2016년 5월 20일
1264	진주집	정대석 (11곳)	2016년 5월 19일
1265	진주집	강상인 (26곳)	2016년 5월 17일
1266	진주집	강준규 (3곳)	2016년 5월 15일
1267	진주집	ahn429 (19곳)	2016년 5월 14일
1268	진주집	Eun (9곳)	2016년 5월 13일
1269	진주집	Sungbum Yoon (9곳)	2016년 5월 13일
1270	진주집	Se-in Park (1곳)	2016년 5월 11일
1271	진주집	조근제 (8곳)	2016년 5월 11일
1272	진주집	Stephen Jeong (43곳)	2016년 5월 11일
1273	진주집	최현주 (15곳)	2016년 5월 2일
1274	진주집	VioLa Youn (48곳)	2016년 4월 30일
1275	진주집	강인구 (1곳)	2016년 4월 29일
1276	진주집	Young Kwon (13곳)	2016년 4월 27일
1277	진주집	크리스리1937 (89곳)	2016년 4월 16일
1278	진주집	점심 정해주는 남자 (457곳)	2016년 4월 7일
1279	진주집	YoungHun Jeong (150곳)	2016년 4월 6일
1280	진주집	Won Yong Choi (19곳)	2016년 4월 6일
1281	진주집	Jee In Yoon (12곳)	2016년 4월 4일
1282	진주집	이재람 (2곳)	2016년 4월 4일
1283	진주집	Min Jun Lee (8곳)	2016년 4월 4일
1284	진주집	김지후 (2곳)	2016년 4월 4일
1285	진주집	Jungkeun Kim (242곳)	2016년 4월 4일
1286	진주집	Bona Marie Jeon (63곳)	2016년 4월 2일
1287	진주집	Yoonzoo Kang (11곳)	2016년 4월 2일
1288	진주집	현진유 (4곳)	2016년 4월 1일
1289	진주집	YeaJi Lee (14곳)	2016년 3월 31일
1290	진주집	아름다운노력 (1곳)	2016년 3월 30일
1291	진주집	이규현 (32곳)	2016년 3월 27일
1292	진주집	안은쥬 (6곳)	2016년 3월 26일
1293	진주집	Yi Jihoon (2곳)	2016년 3월 26일
1294	진주집	Jho Lee (860곳)	2016년 3월 23일
1295	진주집	해피핏 (81곳)	2016년 3월 23일
1296	진주집	Ryuhyun Kim (21곳)	2016년 3월 20일
1297	진주집	노태현 (119곳)	2016년 3월 20일
1298	진주집	Saerom Choi (79곳)	2016년 3월 19일
1299	진주집	융씨요 (565곳)	2016년 3월 17일
1300	진주집	Hyerim Shin (10곳)	2016년 3월 12일
1301	진주집	나희선 (21곳)	2016년 3월 12일
1302	진주집	Jihye Lee (76곳)	2016년 3월 11일
1303	진주집	고혜령 (107곳)	2016년 3월 7일
1304	진주집	pascman (5곳)	2016년 3월 6일
1305	진주집	캬냑 (436곳)	2016년 3월 5일
1306	진주집	Do Yong AN (12곳)	2016년 3월 4일
1307	진주집	아기곰꿀단지 (71곳)	2016년 3월 4일
1308	진주집	강예니 (28곳)	2016년 3월 1일
1309	진주집	Jun Jiyoung (805곳)	2016년 2월 29일
1310	진주집	JAESEON LEE 이재선 (1172곳)	2016년 2월 27일
1311	진주집	마을사람A (27곳)	2016년 2월 26일
1312	진주집	Hyejoon Ahn (2곳)	2016년 2월 18일
1313	진주집	Hoseok Kim (91곳)	2016년 2월 16일
1314	진주집	Se Chan Moon (7곳)	2016년 2월 16일
1315	진주집	qpfkckee (17곳)	2016년 2월 14일
1316	진주집	john (131곳)	2016년 2월 11일
1317	진주집	kimsky (34곳)	2016년 2월 10일
1318	진주집	박성준 (10곳)	2016년 2월 10일
1319	진주집	조자 (132곳)	2016년 2월 7일
1320	진주집	국회의사당역근처 (14곳)	2016년 2월 7일
1321	진주집	egusrb (2곳)	2016년 2월 7일
1322	진주집	Myungjin Park (5곳)	2016년 2월 6일
1323	진주집	한지현 (7곳)	2016년 2월 6일
1324	진주집	Suhyoen Heo (217곳)	2016년 2월 5일
1325	진주집	김수현여친 (314곳)	2016년 2월 5일
1326	진주집	hellogrimi (6곳)	2016년 2월 3일
1327	진주집	Carly YJ Chun (22곳)	2016년 2월 3일
1328	진주집	유준희 (21곳)	2016년 2월 3일
1329	진주집	Jiwon Seo (6곳)	2016년 2월 2일
1330	진주집	심현서 (107곳)	2016년 2월 1일
1331	진주집	간마나 (14곳)	2016년 1월 30일
1332	진주집	hkeun (3곳)	2016년 1월 30일
1333	진주집	minnie (24곳)	2016년 1월 26일
1334	진주집	최한별 (34곳)	2016년 1월 21일
1335	진주집	jinnie (35곳)	2016년 1월 19일
1336	진주집	young (24곳)	2016년 1월 16일
1337	진주집	이동재 (105곳)	2016년 1월 16일
1338	진주집	JinKyung Yu (37곳)	2015년 12월 30일
1339	진주집	지지팝 (16곳)	2015년 12월 27일
1340	진주집	김다솜 (54곳)	2015년 12월 22일
1341	진주집	윤원녕 (156곳)	2015년 12월 20일
1342	진주집	Jaeyoung Lee (32곳)	2015년 12월 20일
1343	진주집	슈 (20곳)	2015년 12월 18일
1344	진주집	숭어 (20곳)	2015년 12월 10일
1345	진주집	ddanddara (92곳)	2015년 12월 10일
1346	진주집	Thon Kim (212곳)	2015년 12월 4일
1347	진주집	Taekyeong Lee (277곳)	2015년 12월 3일
1348	진주집	Daegon Cho (8곳)	2015년 11월 30일
1349	진주집	Hyejin Park (7곳)	2015년 11월 18일
1350	진주집	Taehee Woo (245곳)	2015년 11월 12일
1351	진주집	센멘 (11곳)	2015년 11월 12일
1352	진주집	Youngji Kim (30곳)	2015년 11월 10일
1353	진주집	상큼비 (3곳)	2015년 11월 8일
1354	진주집	Ki Sun Kim (4곳)	2015년 11월 8일
1355	진주집	zs (21곳)	2015년 11월 6일
1356	진주집	서석호 (12곳)	2015년 11월 4일
1357	진주집	ppyymm (13곳)	2015년 11월 3일
1358	진주집	다이닝코드 (514곳)	2015년 11월 3일
1359	진주집	실 (391곳)	2015년 11월 3일
1360	진주집	Sylvia Kim (84곳)	2015년 11월 1일
1361	진주집	sykimmmm (27곳)	2015년 10월 29일
1362	진주집	Hongki Lee (191곳)	2015년 10월 25일
1363	진주집	Bina Kim (485곳)	2015년 9월 29일
1364	진주집	전시야 (14곳)	2015년 9월 19일
1365	진주집	슬기 (274곳)	2015년 9월 13일
1366	진주집	Mor Pheus (265곳)	2015년 7월 28일
1367	진주집	김용구 (25곳)	2015년 7월 22일
1368	진주집	이성호 (3곳)	2015년 7월 19일
1369	진주집	강현정 (7곳)	2015년 7월 18일
1370	진주집	김태준 (438곳)	2015년 6월 30일
1371	진주집	김치파워 (379곳)	2015년 6월 29일
1372	폴앤폴리나	고재현 (59곳)	2020년 3월 21일
1373	폴앤폴리나	heejung8 (111곳)	2020년 1월 15일
1374	폴앤폴리나	밥풀 (353곳)	2019년 8월 24일
1375	폴앤폴리나	소울콩 (319곳)	2019년 6월 23일
1376	폴앤폴리나	제리 (14곳)	2018년 11월 19일
1377	폴앤폴리나	Brian Lee (238곳)	2018년 10월 18일
1378	폴앤폴리나	Sophia (197곳)	2018년 9월 14일
1379	폴앤폴리나	SEUL (3155곳)	2018년 8월 4일
1380	폴앤폴리나	DASIT (4010곳)	2018년 5월 5일
1381	폴앤폴리나	퐁퐁 (523곳)	2018년 4월 18일
1382	폴앤폴리나	문문 (212곳)	2018년 4월 12일
1383	폴앤폴리나	eD (42곳)	2018년 1월 26일
1384	폴앤폴리나	Minjeong Jeong (720곳)	2017년 10월 18일
1385	폴앤폴리나	Jihee Olivia Han (22곳)	2017년 6월 16일
1386	폴앤폴리나	naomi (4곳)	2017년 6월 6일
1387	폴앤폴리나	Sungbaek Jin (15곳)	2017년 3월 2일
1388	폴앤폴리나	짛 (5곳)	2016년 8월 8일
1389	폴앤폴리나	Laranja (56곳)	2016년 6월 27일
1390	폴앤폴리나	강정민 (6곳)	2016년 5월 31일
1391	폴앤폴리나	염승환 (9곳)	2016년 5월 26일
1392	폴앤폴리나	Eun Ji Lee (259곳)	2016년 4월 22일
1393	폴앤폴리나	Mincho Yoo (6곳)	2016년 1월 21일
1394	바스버거	ghkd2 (238곳)	2020년 7월 29일
1395	바스버거	stopsilver (113곳)	2020년 7월 28일
1396	바스버거	염은지 (6곳)	2020년 7월 14일
1397	바스버거	rkqls (149곳)	2020년 5월 17일
1398	바스버거	김뽀삐 (74곳)	2020년 5월 15일
1399	바스버거	다룽 (446곳)	2020년 5월 4일
1400	바스버거	Jiwon (33곳)	2020년 4월 11일
1401	바스버거	여기는처음이라 (1곳)	2020년 3월 24일
1402	바스버거	Dae Young Kim (368곳)	2020년 3월 22일
1403	바스버거	고재현 (59곳)	2020년 3월 20일
1404	바스버거	miwra (2068곳)	2020년 3월 7일
1405	바스버거	고라니 (38곳)	2020년 3월 1일
1406	바스버거	이구슬 (228곳)	2020년 2월 20일
1407	바스버거	부지런한달퐁이 (1220곳)	2020년 2월 16일
1408	바스버거	busted708 (1314곳)	2020년 2월 15일
1409	바스버거	JamesWKJo (22곳)	2020년 2월 6일
1410	바스버거	캠포트리 (1596곳)	2020년 2월 2일
1411	바스버거	밥풀 (353곳)	2019년 11월 26일
1412	바스버거	ㅈㅋㅇ (2451곳)	2019년 11월 23일
1413	바스버거	Heesang Yoo (9곳)	2019년 10월 29일
1414	바스버거	김희주 (5곳)	2019년 10월 2일
1415	바스버거	다먹어본다 (41곳)	2019년 9월 26일
1416	바스버거	Me (397곳)	2019년 7월 11일
1417	바스버거	만두는널버리지않아 (38곳)	2019년 6월 17일
1418	바스버거	Jiang Shenglong (16곳)	2019년 6월 8일
1419	바스버거	Bella Han (3곳)	2019년 6월 6일
1420	바스버거	솔비누 (103곳)	2019년 5월 8일
1421	바스버거	Kyoungsu Park (269곳)	2019년 4월 10일
1422	바스버거	vero (72곳)	2019년 3월 28일
1423	바스버거	Seokjin Hong (149곳)	2019년 3월 23일
1424	바스버거	nbahk (568곳)	2019년 2월 20일
1425	바스버거	이한솔 (15곳)	2019년 1월 26일
1426	바스버거	Min Gu Jeong (13곳)	2019년 1월 13일
1427	바스버거	heejung8 (111곳)	2018년 12월 27일
1428	바스버거	SOSOPA (8417곳)	2018년 11월 21일
1429	바스버거	이현재 (73곳)	2018년 11월 3일
1430	바스버거	연료부족 (48곳)	2018년 10월 31일
1431	바스버거	hyevely (38곳)	2018년 10월 5일
1432	바스버거	gogogogo (417곳)	2018년 7월 3일
1433	바스버거	Yongchul Song (143곳)	2018년 6월 13일
1434	바스버거	김경환 (152곳)	2018년 6월 5일
1435	바스버거	고마쫌팅기라 (19곳)	2018년 5월 19일
1436	바스버거	Minjeong Jeong (720곳)	2017년 10월 18일
1437	바스버거	강서윤 (22곳)	2017년 10월 15일
1438	바스버거	먹방귀신 (24곳)	2017년 10월 14일
1439	바스버거	Trade Mark (174곳)	2017년 9월 11일
1440	바스버거	Minje Joo (125곳)	2017년 9월 8일
1441	바스버거	Cho Jangho (26곳)	2017년 8월 5일
1442	바스버거	Damul Yang (14곳)	2017년 7월 23일
1443	바스버거	Kim Shik (482곳)	2017년 7월 23일
1444	바스버거	Hyosik Lim (219곳)	2017년 7월 13일
1445	바스버거	혀나 (168곳)	2017년 6월 26일
1446	바스버거	Eojin Kim (18곳)	2017년 6월 25일
1447	바스버거	Yoonjeong Noh (4곳)	2017년 6월 14일
1448	바스버거	Yoon Naegyung (8곳)	2017년 5월 31일
1449	바스버거	계화연 (32곳)	2017년 5월 21일
1450	바스버거	캬옹몽 (192곳)	2017년 5월 13일
1451	바스버거	rem9 (37곳)	2017년 5월 1일
1452	바스버거	백성훈 (12곳)	2017년 4월 26일
1453	바스버거	전승휴 (236곳)	2017년 4월 26일
1454	바스버거	진혜민 (13곳)	2017년 4월 12일
1455	바스버거	이다야 (11곳)	2017년 3월 31일
1456	바스버거	Ellen Park (86곳)	2017년 3월 24일
1457	바스버거	상화김 (4곳)	2017년 3월 4일
1458	바스버거	김혜용 (5곳)	2017년 2월 22일
1459	바스버거	Sung Yoon Park (39곳)	2017년 2월 9일
1460	바스버거	sangmin (4곳)	2016년 11월 24일
1461	바스버거	Wonhee Lee (1곳)	2016년 10월 18일
1462	바스버거	초딩입맛 (183곳)	2016년 10월 16일
1463	바스버거	Jeyong Jay Han (23곳)	2016년 10월 2일
1464	바스버거	달콤미야 (17곳)	2016년 9월 25일
1465	바스버거	신솔빛찬 (58곳)	2016년 9월 24일
1466	진가와	Bumsun Han (565곳)	2020년 8월 4일
1467	진가와	김미혜 (7곳)	2020년 7월 18일
1468	진가와	Lee Narae (160곳)	2020년 7월 16일
1469	진가와	편희제 (295곳)	2020년 5월 18일
1470	진가와	김민수 (62곳)	2020년 4월 26일
1471	진가와	Me (397곳)	2020년 4월 24일
1472	진가와	jsp (39곳)	2019년 11월 26일
1473	진가와	화니 (57곳)	2019년 8월 31일
1474	진가와	소울콩 (319곳)	2019년 6월 22일
1475	진가와	김동욱 (17곳)	2019년 5월 31일
1476	진가와	Jungwoo Hong (37곳)	2019년 5월 15일
1477	진가와	김찬우 (112곳)	2019년 4월 1일
1478	진가와	최황규 (589곳)	2019년 3월 15일
1479	팥이재	조정환 (347곳)	2020년 7월 5일
1480	팥이재	miwra (2068곳)	2020년 6월 8일
1481	팥이재	윤병원 (80곳)	2020년 4월 30일
1482	팥이재	heejung8 (111곳)	2020년 1월 15일
1483	팥이재	이다혜 (10곳)	2019년 12월 21일
1484	팥이재	Ella Lo (715곳)	2019년 5월 1일
1485	팥이재	신분당 (122곳)	2018년 10월 7일
1486	팥이재	박영은 (171곳)	2018년 9월 11일
1487	팥이재	다찌마와리 (116곳)	2018년 8월 3일
1488	팥이재	퐁퐁 (523곳)	2018년 6월 1일
1489	팥이재	무용가리 (305곳)	2018년 3월 19일
1490	팥이재	Minjeong Jeong (720곳)	2017년 10월 18일
1491	팥이재	Moon Jeong (158곳)	2017년 9월 9일
1492	팥이재	yeon (116곳)	2017년 8월 20일
1493	팥이재	Jihoon Son (6곳)	2017년 6월 28일
1494	팥이재	Subin Kim (393곳)	2017년 4월 29일
1495	팥이재	융씨요 (565곳)	2017년 1월 17일
1496	팥이재	Amanda Guin (130곳)	2016년 10월 1일
1497	팥이재	Jo Joonhyong (24곳)	2016년 9월 18일
1498	팥이재	Dora (671곳)	2016년 6월 14일
1499	갓포아키	jineun k (4곳)	2020년 3월 2일
1500	갓포아키	윤건 (31곳)	2018년 12월 6일
1501	갓포아키	배용현 (267곳)	2018년 8월 20일
1502	갓포아키	홍성구 (509곳)	2018년 6월 10일
1503	브루클린더버거조인트	일기일회 (4260곳)	2020년 8월 11일
1504	브루클린더버거조인트	시와빠 (129곳)	2020년 7월 25일
